condition,response,row_number,trial_name,index_observation,index_utterance,id
1,"['all', 'all', 'right']","[12, 12, 12, 12, 12]",main_trials,2,30,30
0,"['most', 'all', 'wrong']","[9, 9, 0, 0, 0]",main_trials,3,23,30
1,"['all', 'some', 'right']","[9, 9, 3, 3, 3]",main_trials,0,26,30
0,"['some', 'all', 'wrong']","[12, 12, 9, 0, 0]",main_trials,4,15,30
0,"['some', 'some', 'wrong']","[12, 12, 12, 9, 9]",main_trials,5,11,30
1,"['most', 'all', 'right']","[12, 12, 12, 0, 0]",main_trials,6,22,30
1,"['most', 'most', 'right']","[9, 9, 9, 3, 3]",main_trials,7,20,30
0,"['all', 'some', 'wrong']","[9, 9, 9, 9, 9]",main_trials,8,27,30
0,"['all', 'most', 'wrong']","[3, 3, 3, 0, 0]",main_trials,9,29,30
1,"['some', 'all', 'right']","[12, 12, 3, 0, 0]",main_trials,10,14,30
0,"['some', 'most', 'wrong']","[12, 12, 12, 3, 3]",main_trials,11,13,30
0,"['most', 'most', 'wrong']","[12, 12, 3, 3, 3]",main_trials,12,21,30
0,"['all', 'all', 'wrong']","[0, 0, 0, 0, 0]",main_trials,13,31,30
1,"['all', 'some', 'right']","[3, 3, 3, 3, 3]",main_trials,14,26,30
1,"['most', 'most', 'right']","[12, 12, 9, 3, 3]",main_trials,15,20,30
1,"['all', 'most', 'right']","[12, 12, 9, 9, 9]",main_trials,16,28,30
0,"['all', 'most', 'wrong']","[3, 3, 0, 0, 0]",main_trials,17,29,30
1,"['some', 'all', 'right']","[12, 12, 0, 0, 0]",main_trials,1,14,30
0,"['most', 'most', 'right']","[9, 9, 9, 0, 0]",main_trials,18,20,30
1,"['most', 'some', 'right']","[9, 9, 3, 0, 0]",main_trials,19,18,30
0,"['all', 'most', 'wrong']","[3, 3, 3, 3, 3]",main_trials,14,29,51
1,"['most', 'all', 'right']","[12, 12, 12, 0, 0]",main_trials,6,22,51
0,"['most', 'most', 'wrong']","[9, 9, 3, 3, 3]",main_trials,0,21,51
0,"['some', 'all', 'wrong']","[12, 12, 9, 0, 0]",main_trials,4,15,51
1,"['all', 'some', 'wrong']","[0, 0, 0, 0, 0]",main_trials,13,27,51
1,"['some', 'all', 'right']","[12, 12, 0, 0, 0]",main_trials,1,14,51
0,"['some', 'some', 'wrong']","[12, 12, 12, 9, 9]",main_trials,5,11,51
1,"['most', 'most', 'right']","[9, 9, 9, 0, 0]",main_trials,18,20,51
0,"['all', 'some', 'wrong']","[9, 9, 9, 9, 9]",main_trials,8,27,51
0,"['most', 'most', 'wrong']","[12, 12, 3, 0, 0]",main_trials,10,21,51
0,"['most', 'some', 'wrong']","[12, 12, 3, 3, 3]",main_trials,12,19,51
1,"['some', 'some', 'right']","[3, 3, 0, 0, 0]",main_trials,17,10,51
0,"['all', 'most', 'right']","[12, 12, 12, 12, 12]",main_trials,2,28,51
0,"['most', 'all', 'wrong']","[9, 9, 0, 0, 0]",main_trials,3,23,51
1,"['most', 'all', 'right']","[12, 12, 12, 3, 3]",main_trials,11,22,51
1,"['most', 'some', 'right']","[3, 3, 3, 0, 0]",main_trials,9,18,51
0,"['some', 'most', 'wrong']","[12, 12, 9, 3, 3]",main_trials,15,13,51
1,"['all', 'most', 'right']","[12, 12, 9, 9, 9]",main_trials,16,28,51
1,"['most', 'most', 'right']","[12, 12, 9, 3, 3]",main_trials,15,20,6
1,"['most', 'most', 'right']","[12, 12, 9, 0, 0]",main_trials,4,20,6
0,"['some', 'some', 'right']","[9, 9, 9, 9, 9]",main_trials,8,10,6
1,"['some', 'some', 'right']","[3, 3, 3, 3, 3]",main_trials,14,10,6
0,"['some', 'some', 'wrong']","[12, 12, 3, 3, 3]",main_trials,12,11,6
1,"['some', 'most', 'right']","[9, 9, 9, 0, 0]",main_trials,18,12,6
1,"['most', 'all', 'right']","[12, 12, 12, 0, 0]",main_trials,6,22,6
1,"['most', 'all', 'right']","[12, 12, 12, 9, 9]",main_trials,5,22,6
0,"['some', 'some', 'wrong']","[12, 12, 12, 3, 3]",main_trials,11,11,6
1,"['all', 'all', 'right']","[12, 12, 12, 12, 12]",main_trials,2,30,6
0,"['most', 'some', 'right']","[9, 9, 9, 3, 3]",main_trials,7,18,6
1,"['some', 'all', 'right']","[12, 12, 0, 0, 0]",main_trials,1,14,6
0,"['some', 'some', 'wrong']","[12, 12, 9, 9, 9]",main_trials,16,11,6
0,"['most', 'most', 'wrong']","[3, 3, 0, 0, 0]",main_trials,17,21,6
0,"['some', 'some', 'right']","[9, 9, 3, 0, 0]",main_trials,19,10,6
1,"['all', 'all', 'right']","[12, 12, 12, 12, 12]",main_trials,2,30,53
1,"['most', 'all', 'right']","[12, 12, 12, 0, 0]",main_trials,6,22,53
0,"['most', 'all', 'wrong']","[12, 12, 0, 0, 0]",main_trials,1,23,53
0,"['all', 'some', 'wrong']","[9, 9, 9, 3, 3]",main_trials,7,27,53
0,"['all', 'some', 'wrong']","[9, 9, 9, 9, 9]",main_trials,8,27,53
0,"['all', 'some', 'wrong']","[9, 9, 3, 3, 3]",main_trials,0,27,53
0,"['some', 'all', 'wrong']","[12, 12, 9, 0, 0]",main_trials,4,15,53
1,"['some', 'some', 'right']","[3, 3, 0, 0, 0]",main_trials,17,10,53
1,"['all', 'some', 'right']","[3, 3, 3, 3, 3]",main_trials,14,26,53
0,"['all', 'all', 'wrong']","[0, 0, 0, 0, 0]",main_trials,13,31,53
1,"['some', 'some', 'wrong']","[3, 3, 3, 0, 0]",main_trials,9,11,53
0,"['most', 'most', 'wrong']","[12, 12, 3, 3, 3]",main_trials,12,21,53
0,"['some', 'some', 'right']","[12, 12, 9, 9, 9]",main_trials,16,10,53
1,"['most', 'all', 'right']","[12, 12, 12, 3, 3]",main_trials,11,22,53
1,"['most', 'some', 'right']","[9, 9, 3, 0, 0]",main_trials,19,18,53
1,"['most', 'all', 'right']","[12, 12, 12, 9, 9]",main_trials,5,22,53
0,"['most', 'most', 'wrong']","[9, 9, 3, 0, 0]",main_trials,19,21,18
1,"['some', 'most', 'right']","[9, 9, 3, 3, 3]",main_trials,0,12,18
0,"['some', 'some', 'right']","[12, 12, 9, 9, 9]",main_trials,16,10,18
1,"['most', 'some', 'right']","[9, 9, 9, 3, 3]",main_trials,7,18,18
0,"['all', 'all', 'wrong']","[0, 0, 0, 0, 0]",main_trials,13,31,18
0,"['most', 'some', 'wrong']","[12, 12, 9, 3, 3]",main_trials,15,19,18
1,"['some', 'some', 'right']","[3, 3, 3, 0, 0]",main_trials,9,10,18
0,"['some', 'most', 'wrong']","[12, 12, 9, 0, 0]",main_trials,4,13,18
1,"['some', 'most', 'right']","[12, 12, 3, 0, 0]",main_trials,10,12,18
1,"['some', 'some', 'right']","[3, 3, 0, 0, 0]",main_trials,17,10,18
1,"['all', 'all', 'right']","[12, 12, 12, 12, 12]",main_trials,2,30,18
1,"['all', 'most', 'right']","[12, 12, 12, 9, 9]",main_trials,5,28,18
0,"['none', 'all', 'right']","[9, 9, 9, 9, 9]",main_trials,8,6,18
0,"['most', 'all', 'wrong']","[12, 12, 0, 0, 0]",main_trials,1,23,18
0,"['some', 'most', 'wrong']","[12, 12, 12, 3, 3]",main_trials,11,13,18
0,"['some', 'all', 'wrong']","[12, 12, 12, 0, 0]",main_trials,6,15,18
0,"['all', 'most', 'wrong']","[3, 3, 3, 3, 3]",main_trials,14,29,18
1,"['most', 'most', 'right']","[9, 9, 9, 0, 0]",main_trials,18,20,18
1,"['some', 'all', 'right']","[12, 12, 3, 3, 3]",main_trials,12,14,18
1,"['some', 'most', 'right']","[9, 9, 0, 0, 0]",main_trials,3,12,18
0,"['most', 'some', 'wrong']","[9, 9, 3, 0, 0]",main_trials,19,19,35
1,"['most', 'most', 'right']","[12, 12, 12, 9, 9]",main_trials,5,20,35
1,"['some', 'some', 'right']","[3, 3, 0, 0, 0]",main_trials,17,10,35
0,"['all', 'all', 'wrong']","[0, 0, 0, 0, 0]",main_trials,13,31,35
1,"['all', 'some', 'right']","[12, 12, 9, 3, 3]",main_trials,15,26,35
1,"['some', 'most', 'right']","[12, 12, 12, 3, 3]",main_trials,11,12,35
1,"['some', 'most', 'right']","[9, 9, 3, 3, 3]",main_trials,0,12,35
0,"['most', 'most', 'wrong']","[3, 3, 3, 0, 0]",main_trials,9,21,35
1,"['most', 'most', 'right']","[12, 12, 12, 0, 0]",main_trials,6,20,35
0,"['all', 'some', 'right']","[12, 12, 12, 12, 12]",main_trials,2,26,35
1,"['most', 'most', 'right']","[9, 9, 9, 0, 0]",main_trials,18,20,35
0,"['most', 'most', 'wrong']","[3, 3, 3, 3, 3]",main_trials,14,21,35
0,"['some', 'most', 'wrong']","[9, 9, 9, 3, 3]",main_trials,7,13,35
0,"['most', 'some', 'wrong']","[12, 12, 9, 9, 9]",main_trials,16,19,35
1,"['some', 'most', 'right']","[9, 9, 0, 0, 0]",main_trials,3,12,35
0,"['most', 'most', 'wrong']","[12, 12, 0, 0, 0]",main_trials,1,21,35
1,"['all', 'most', 'right']","[9, 9, 9, 9, 9]",main_trials,8,28,35
1,"['some', 'all', 'right']","[12, 12, 3, 3, 3]",main_trials,12,14,35
0,"['some', 'all', 'wrong']","[12, 12, 9, 0, 0]",main_trials,4,15,35
0,"['most', 'most', 'wrong']","[12, 12, 3, 0, 0]",main_trials,10,21,35
0,"['most', 'most', 'wrong']","[9, 9, 3, 0, 0]",main_trials,19,21,33
1,"['most', 'most', 'right']","[12, 12, 9, 3, 3]",main_trials,15,20,33
1,"['all', 'all', 'right']","[12, 12, 12, 12, 12]",main_trials,2,30,33
0,"['most', 'all', 'wrong']","[12, 12, 0, 0, 0]",main_trials,1,23,33
0,"['some', 'most', 'wrong']","[9, 9, 9, 3, 3]",main_trials,7,13,33
0,"['some', 'most', 'wrong']","[12, 12, 3, 3, 3]",main_trials,12,13,33
1,"['some', 'some', 'right']","[3, 3, 0, 0, 0]",main_trials,17,10,33
1,"['most', 'some', 'right']","[9, 9, 3, 3, 3]",main_trials,0,18,33
1,"['most', 'most', 'right']","[12, 12, 9, 0, 0]",main_trials,4,20,33
0,"['none', 'all', 'right']","[9, 9, 9, 0, 0]",main_trials,18,6,33
1,"['all', 'most', 'right']","[9, 9, 9, 9, 9]",main_trials,8,28,33
1,"['most', 'all', 'right']","[12, 12, 12, 0, 0]",main_trials,6,22,33
0,"['most', 'most', 'wrong']","[3, 3, 3, 3, 3]",main_trials,14,21,33
1,"['some', 'all', 'right']","[12, 12, 3, 0, 0]",main_trials,10,14,33
1,"['some', 'most', 'right']","[9, 9, 0, 0, 0]",main_trials,3,12,33
0,"['all', 'all', 'wrong']","[0, 0, 0, 0, 0]",main_trials,13,31,33
1,"['some', 'all', 'right']","[12, 12, 3, 0, 0]",main_trials,10,14,20
0,"['some', 'all', 'wrong']","[9, 9, 9, 0, 0]",main_trials,18,15,20
0,"['some', 'all', 'wrong']","[12, 12, 12, 0, 0]",main_trials,6,15,20
1,"['some', 'most', 'right']","[9, 9, 3, 3, 3]",main_trials,0,12,20
0,"['all', 'all', 'wrong']","[0, 0, 0, 0, 0]",main_trials,13,31,20
1,"['some', 'all', 'right']","[12, 12, 0, 0, 0]",main_trials,1,14,20
0,"['none', 'all', 'wrong']","[12, 12, 12, 12, 12]",main_trials,2,7,20
1,"['most', 'most', 'right']","[9, 9, 9, 3, 3]",main_trials,7,20,20
0,"['some', 'some', 'wrong']","[12, 12, 9, 9, 9]",main_trials,16,11,20
1,"['some', 'most', 'right']","[9, 9, 3, 0, 0]",main_trials,19,12,20
1,"['some', 'all', 'right']","[12, 12, 9, 3, 3]",main_trials,15,14,20
1,"['some', 'some', 'right']","[3, 3, 0, 0, 0]",main_trials,17,10,20
0,"['most', 'most', 'wrong']","[12, 12, 3, 3, 3]",main_trials,12,21,20
1,"['all', 'most', 'right']","[9, 9, 9, 9, 9]",main_trials,8,28,20
1,"['most', 'all', 'right']","[12, 12, 12, 3, 3]",main_trials,11,22,20
0,"['some', 'all', 'wrong']","[12, 12, 9, 0, 0]",main_trials,4,15,20
0,"['some', 'some', 'wrong']","[12, 12, 12, 9, 9]",main_trials,5,11,20
1,"['most', 'some', 'right']","[3, 3, 3, 0, 0]",main_trials,9,18,20
0,"['most', 'all', 'wrong']","[9, 9, 0, 0, 0]",main_trials,3,23,20
0,"['all', 'most', 'wrong']","[3, 3, 3, 3, 3]",main_trials,14,29,20
1,"['most', 'some', 'right']","[3, 3, 3, 0, 0]",main_trials,9,18,0
0,"['some', 'all', 'wrong']","[12, 12, 9, 0, 0]",main_trials,4,15,0
1,"['none', 'all', 'wrong']","[3, 3, 3, 3, 3]",main_trials,14,7,0
0,"['some', 'most', 'wrong']","[12, 12, 9, 3, 3]",main_trials,15,13,0
0,"['all', 'some', 'wrong']","[9, 9, 3, 3, 3]",main_trials,0,27,0
1,"['most', 'all', 'right']","[12, 12, 12, 0, 0]",main_trials,6,22,0
0,"['most', 'all', 'wrong']","[3, 3, 0, 0, 0]",main_trials,17,23,0
0,"['some', 'most', 'wrong']","[9, 9, 9, 3, 3]",main_trials,7,13,0
1,"['all', 'most', 'right']","[9, 9, 9, 9, 9]",main_trials,8,28,0
1,"['some', 'all', 'right']","[12, 12, 9, 9, 9]",main_trials,16,14,0
1,"['most', 'all', 'right']","[12, 12, 12, 3, 3]",main_trials,11,22,0
0,"['some', 'all', 'wrong']","[12, 12, 3, 0, 0]",main_trials,10,15,0
0,"['most', 'all', 'wrong']","[12, 12, 0, 0, 0]",main_trials,1,23,0
1,"['all', 'all', 'right']","[12, 12, 12, 12, 12]",main_trials,2,30,0
0,"['most', 'most', 'wrong']","[12, 12, 3, 3, 3]",main_trials,12,21,0
1,"['all', 'some', 'wrong']","[0, 0, 0, 0, 0]",main_trials,13,27,0
0,"['some', 'some', 'wrong']","[12, 12, 12, 9, 9]",main_trials,5,11,0
1,"['some', 'most', 'right']","[9, 9, 0, 0, 0]",main_trials,3,12,0
0,"['none', 'all', 'right']","[9, 9, 9, 0, 0]",main_trials,18,6,0
0,"['most', 'most', 'wrong']","[12, 12, 3, 0, 0]",main_trials,10,21,24
1,"['all', 'some', 'right']","[3, 3, 3, 3, 3]",main_trials,14,26,24
0,"['most', 'most', 'wrong']","[9, 9, 3, 3, 3]",main_trials,0,21,24
1,"['some', 'some', 'right']","[3, 3, 0, 0, 0]",main_trials,17,10,24
1,"['most', 'most', 'right']","[9, 9, 9, 3, 3]",main_trials,7,20,24
1,"['most', 'all', 'right']","[12, 12, 12, 3, 3]",main_trials,11,22,24
1,"['most', 'most', 'right']","[12, 12, 9, 0, 0]",main_trials,4,20,24
1,"['some', 'most', 'right']","[9, 9, 0, 0, 0]",main_trials,3,12,24
0,"['some', 'all', 'right']","[12, 12, 0, 0, 0]",main_trials,1,14,24
1,"['most', 'all', 'right']","[12, 12, 12, 0, 0]",main_trials,6,22,24
0,"['most', 'most', 'wrong']","[12, 12, 3, 3, 3]",main_trials,12,21,24
0,"['all', 'none', 'wrong']","[12, 12, 12, 12, 12]",main_trials,2,25,24
0,"['most', 'some', 'wrong']","[12, 12, 9, 9, 9]",main_trials,16,19,24
0,"['some', 'all', 'wrong']","[3, 3, 3, 0, 0]",main_trials,9,15,24
0,"['most', 'most', 'wrong']","[9, 9, 3, 0, 0]",main_trials,19,21,24
1,"['most', 'all', 'right']","[12, 12, 12, 9, 9]",main_trials,5,22,24
0,"['all', 'some', 'wrong']","[9, 9, 9, 0, 0]",main_trials,18,27,24
0,"['none', 'all', 'right']","[9, 9, 9, 9, 9]",main_trials,8,6,24
1,"['most', 'most', 'right']","[12, 12, 9, 3, 3]",main_trials,15,20,24
0,"['some', 'most', 'right']","[9, 9, 0, 0, 0]",main_trials,3,12,29
0,"['most', 'most', 'right']","[12, 12, 9, 0, 0]",main_trials,4,20,29
1,"['some', 'some', 'right']","[3, 3, 3, 0, 0]",main_trials,9,10,29
1,"['most', 'most', 'right']","[9, 9, 9, 0, 0]",main_trials,18,20,29
1,"['most', 'most', 'right']","[12, 12, 9, 3, 3]",main_trials,15,20,29
0,"['all', 'some', 'wrong']","[9, 9, 9, 9, 9]",main_trials,8,27,29
1,"['all', 'some', 'right']","[3, 3, 3, 3, 3]",main_trials,14,26,29
1,"['all', 'some', 'right']","[12, 12, 12, 3, 3]",main_trials,11,26,29
0,"['some', 'some', 'wrong']","[12, 12, 12, 9, 9]",main_trials,5,11,29
0,"['some', 'most', 'wrong']","[9, 9, 3, 0, 0]",main_trials,19,13,29
1,"['some', 'all', 'right']","[12, 12, 0, 0, 0]",main_trials,1,14,29
0,"['all', 'all', 'right']","[12, 12, 12, 12, 12]",main_trials,2,30,29
0,"['most', 'most', 'wrong']","[12, 12, 3, 0, 0]",main_trials,10,21,29
1,"['all', 'most', 'right']","[12, 12, 9, 9, 9]",main_trials,16,28,29
0,"['all', 'all', 'wrong']","[0, 0, 0, 0, 0]",main_trials,13,31,29
0,"['some', 'all', 'wrong']","[12, 12, 12, 0, 0]",main_trials,6,15,29
1,"['most', 'some', 'right']","[3, 3, 3, 3, 3]",main_trials,14,18,25
0,"['some', 'some', 'wrong']","[12, 12, 12, 9, 9]",main_trials,5,11,25
1,"['most', 'some', 'right']","[3, 3, 3, 0, 0]",main_trials,9,18,25
1,"['all', 'all', 'right']","[12, 12, 12, 12, 12]",main_trials,2,30,25
1,"['most', 'most', 'right']","[12, 12, 9, 0, 0]",main_trials,4,20,25
0,"['most', 'most', 'wrong']","[9, 9, 3, 0, 0]",main_trials,19,21,25
1,"['none', 'none', 'right']","[12, 12, 3, 3, 3]",main_trials,12,0,25
1,"['some', 'all', 'right']","[12, 12, 3, 0, 0]",main_trials,10,14,25
0,"['most', 'all', 'wrong']","[9, 9, 0, 0, 0]",main_trials,3,23,25
1,"['most', 'most', 'right']","[9, 9, 9, 0, 0]",main_trials,18,20,25
0,"['some', 'all', 'wrong']","[12, 12, 12, 0, 0]",main_trials,6,15,25
1,"['some', 'all', 'right']","[12, 12, 0, 0, 0]",main_trials,1,14,25
1,"['most', 'most', 'right']","[12, 12, 9, 3, 3]",main_trials,15,20,25
0,"['all', 'some', 'wrong']","[9, 9, 9, 9, 9]",main_trials,8,27,25
0,"['most', 'most', 'wrong']","[9, 9, 3, 3, 3]",main_trials,0,21,25
1,"['most', 'most', 'right']","[12, 12, 9, 9, 9]",main_trials,16,20,25
0,"['some', 'most', 'wrong']","[12, 12, 12, 3, 3]",main_trials,11,13,25
0,"['all', 'all', 'wrong']","[0, 0, 0, 0, 0]",main_trials,13,31,25
0,"['some', 'most', 'wrong']","[9, 9, 9, 3, 3]",main_trials,7,13,25
0,"['most', 'all', 'wrong']","[3, 3, 0, 0, 0]",main_trials,17,23,25
1,"['some', 'most', 'right']","[9, 9, 3, 0, 0]",main_trials,19,12,22
1,"['some', 'most', 'right']","[9, 9, 0, 0, 0]",main_trials,3,12,22
1,"['most', 'most', 'right']","[9, 9, 9, 3, 3]",main_trials,7,20,22
1,"['most', 'all', 'right']","[12, 12, 12, 3, 3]",main_trials,11,22,22
0,"['all', 'most', 'wrong']","[3, 3, 3, 0, 0]",main_trials,9,29,22
1,"['most', 'most', 'right']","[9, 9, 9, 0, 0]",main_trials,18,20,22
0,"['most', 'all', 'wrong']","[12, 12, 0, 0, 0]",main_trials,1,23,22
0,"['all', 'most', 'wrong']","[3, 3, 3, 3, 3]",main_trials,14,29,22
1,"['some', 'all', 'right']","[12, 12, 3, 0, 0]",main_trials,10,14,22
0,"['all', 'none', 'wrong']","[12, 12, 12, 12, 12]",main_trials,2,25,22
1,"['all', 'none', 'right']","[0, 0, 0, 0, 0]",main_trials,13,24,22
0,"['most', 'all', 'wrong']","[3, 3, 0, 0, 0]",main_trials,17,23,22
1,"['most', 'most', 'right']","[12, 12, 9, 3, 3]",main_trials,15,20,22
0,"['some', 'all', 'wrong']","[12, 12, 9, 0, 0]",main_trials,4,15,22
1,"['all', 'some', 'right']","[9, 9, 3, 3, 3]",main_trials,0,26,22
0,"['some', 'all', 'wrong']","[12, 12, 12, 0, 0]",main_trials,6,15,22
0,"['most', 'most', 'wrong']","[12, 12, 3, 3, 3]",main_trials,12,21,22
1,"['most', 'all', 'right']","[12, 12, 12, 9, 9]",main_trials,5,22,22
0,"['most', 'some', 'wrong']","[12, 12, 9, 9, 9]",main_trials,16,19,22
0,"['all', 'some', 'wrong']","[9, 9, 9, 9, 9]",main_trials,8,27,22
0,"['none', 'all', 'right']","[9, 9, 0, 0, 0]",main_trials,3,6,7
0,"['none', 'all', 'right']","[9, 9, 9, 0, 0]",main_trials,18,6,7
0,"['most', 'most', 'wrong']","[12, 12, 3, 3, 3]",main_trials,12,21,7
0,"['none', 'all', 'right']","[9, 9, 3, 3, 3]",main_trials,0,6,7
0,"['none', 'all', 'right']","[9, 9, 9, 3, 3]",main_trials,7,6,7
1,"['most', 'some', 'right']","[9, 9, 3, 0, 0]",main_trials,19,18,7
1,"['most', 'all', 'right']","[12, 12, 12, 9, 9]",main_trials,5,22,7
1,"['all', 'some', 'right']","[3, 3, 3, 3, 3]",main_trials,14,26,7
0,"['most', 'some', 'wrong']","[12, 12, 9, 9, 9]",main_trials,16,19,7
1,"['most', 'all', 'right']","[12, 12, 12, 0, 0]",main_trials,6,22,7
1,"['most', 'most', 'right']","[12, 12, 9, 3, 3]",main_trials,15,20,7
1,"['most', 'all', 'right']","[12, 12, 12, 3, 3]",main_trials,11,22,7
0,"['most', 'most', 'wrong']","[12, 12, 3, 0, 0]",main_trials,10,21,7
1,"['some', 'all', 'right']","[12, 12, 9, 0, 0]",main_trials,4,14,7
0,"['all', 'most', 'wrong']","[3, 3, 3, 0, 0]",main_trials,9,29,7
0,"['all', 'all', 'wrong']","[0, 0, 0, 0, 0]",main_trials,13,31,7
0,"['all', 'some', 'wrong']","[9, 9, 9, 9, 9]",main_trials,8,27,7
1,"['all', 'all', 'right']","[12, 12, 12, 12, 12]",main_trials,2,30,7
1,"['some', 'all', 'right']","[12, 12, 0, 0, 0]",main_trials,1,14,7
1,"['some', 'some', 'right']","[3, 3, 0, 0, 0]",main_trials,17,10,7
1,"['most', 'all', 'right']","[12, 12, 12, 9, 9]",main_trials,5,22,44
0,"['some', 'most', 'wrong']","[12, 12, 9, 3, 3]",main_trials,15,13,44
0,"['most', 'most', 'wrong']","[9, 9, 3, 3, 3]",main_trials,0,21,44
0,"['all', 'all', 'wrong']","[0, 0, 0, 0, 0]",main_trials,13,31,44
0,"['some', 'all', 'wrong']","[9, 9, 9, 0, 0]",main_trials,18,15,44
1,"['some', 'all', 'right']","[12, 12, 3, 3, 3]",main_trials,12,14,44
1,"['all', 'all', 'right']","[12, 12, 12, 12, 12]",main_trials,2,30,44
1,"['some', 'most', 'right']","[9, 9, 3, 0, 0]",main_trials,19,12,44
0,"['most', 'all', 'wrong']","[12, 12, 0, 0, 0]",main_trials,1,23,44
1,"['some', 'all', 'right']","[12, 12, 9, 0, 0]",main_trials,4,14,44
1,"['most', 'most', 'right']","[9, 9, 9, 9, 9]",main_trials,8,20,44
0,"['some', 'all', 'wrong']","[12, 12, 3, 0, 0]",main_trials,10,15,44
1,"['some', 'most', 'right']","[9, 9, 0, 0, 0]",main_trials,3,12,44
0,"['some', 'most', 'wrong']","[9, 9, 9, 3, 3]",main_trials,7,13,44
1,"['most', 'some', 'right']","[3, 3, 3, 0, 0]",main_trials,9,18,44
1,"['none', 'all', 'wrong']","[3, 3, 3, 3, 3]",main_trials,14,7,44
0,"['most', 'all', 'wrong']","[3, 3, 0, 0, 0]",main_trials,17,23,44
1,"['most', 'most', 'right']","[12, 12, 9, 9, 9]",main_trials,16,20,44
0,"['some', 'all', 'wrong']","[12, 12, 12, 0, 0]",main_trials,6,15,44
0,"['some', 'most', 'wrong']","[12, 12, 12, 3, 3]",main_trials,11,13,44
1,"['some', 'all', 'right']","[12, 12, 3, 3, 3]",main_trials,12,14,50
1,"['most', 'all', 'right']","[12, 12, 12, 0, 0]",main_trials,6,22,50
1,"['most', 'all', 'right']","[12, 12, 12, 9, 9]",main_trials,5,22,50
0,"['some', 'all', 'wrong']","[3, 3, 0, 0, 0]",main_trials,17,15,50
1,"['some', 'all', 'right']","[12, 12, 0, 0, 0]",main_trials,1,14,50
0,"['some', 'all', 'wrong']","[12, 12, 3, 0, 0]",main_trials,10,15,50
0,"['most', 'all', 'wrong']","[9, 9, 0, 0, 0]",main_trials,3,23,50
0,"['some', 'all', 'wrong']","[12, 12, 9, 0, 0]",main_trials,4,15,50
0,"['all', 'most', 'wrong']","[3, 3, 3, 3, 3]",main_trials,14,29,50
1,"['some', 'most', 'right']","[9, 9, 3, 0, 0]",main_trials,19,12,50
1,"['none', 'all', 'right']","[0, 0, 0, 0, 0]",main_trials,13,6,50
1,"['most', 'most', 'right']","[9, 9, 9, 0, 0]",main_trials,18,20,50
1,"['all', 'all', 'right']","[12, 12, 12, 12, 12]",main_trials,2,30,50
0,"['all', 'some', 'wrong']","[9, 9, 9, 9, 9]",main_trials,8,27,50
1,"['some', 'some', 'right']","[3, 3, 3, 0, 0]",main_trials,9,10,50
0,"['some', 'most', 'wrong']","[12, 12, 12, 3, 3]",main_trials,11,13,50
1,"['some', 'most', 'right']","[9, 9, 3, 3, 3]",main_trials,0,12,50
0,"['some', 'most', 'wrong']","[12, 12, 9, 3, 3]",main_trials,15,13,50
0,"['some', 'some', 'wrong']","[12, 12, 9, 9, 9]",main_trials,16,11,50
1,"['most', 'most', 'right']","[12, 12, 9, 3, 3]",main_trials,15,20,21
1,"['most', 'most', 'right']","[9, 9, 9, 9, 9]",main_trials,8,20,21
1,"['some', 'some', 'right']","[3, 3, 3, 3, 3]",main_trials,14,10,21
0,"['some', 'some', 'wrong']","[12, 12, 12, 9, 9]",main_trials,5,11,21
1,"['some', 'some', 'right']","[12, 12, 0, 0, 0]",main_trials,1,10,21
0,"['some', 'most', 'wrong']","[12, 12, 3, 0, 0]",main_trials,10,13,21
0,"['some', 'all', 'wrong']","[12, 12, 12, 0, 0]",main_trials,6,15,21
1,"['none', 'all', 'right']","[0, 0, 0, 0, 0]",main_trials,13,6,21
1,"['all', 'all', 'right']","[12, 12, 12, 12, 12]",main_trials,2,30,21
1,"['most', 'most', 'right']","[12, 12, 12, 3, 3]",main_trials,11,20,21
0,"['some', 'most', 'wrong']","[12, 12, 3, 3, 3]",main_trials,12,13,21
0,"['most', 'all', 'wrong']","[3, 3, 0, 0, 0]",main_trials,17,23,21
0,"['most', 'most', 'wrong']","[9, 9, 3, 3, 3]",main_trials,0,21,21
1,"['most', 'most', 'right']","[12, 12, 9, 9, 9]",main_trials,16,20,21
1,"['some', 'some', 'right']","[3, 3, 3, 0, 0]",main_trials,9,10,21
0,"['some', 'all', 'wrong']","[12, 12, 9, 0, 0]",main_trials,4,15,21
1,"['most', 'most', 'right']","[9, 9, 9, 0, 0]",main_trials,18,20,21
0,"['some', 'most', 'wrong']","[9, 9, 9, 3, 3]",main_trials,7,13,21
0,"['most', 'all', 'wrong']","[9, 9, 0, 0, 0]",main_trials,3,23,21
0,"['some', 'all', 'wrong']","[9, 9, 3, 0, 0]",main_trials,19,15,21
0,"['most', 'all', 'wrong']","[12, 12, 0, 0, 0]",main_trials,1,23,46
0,"['some', 'most', 'wrong']","[12, 12, 12, 3, 3]",main_trials,11,13,46
1,"['some', 'some', 'right']","[3, 3, 0, 0, 0]",main_trials,17,10,46
1,"['none', 'all', 'wrong']","[9, 9, 3, 3, 3]",main_trials,0,7,46
1,"['most', 'all', 'right']","[12, 12, 12, 0, 0]",main_trials,6,22,46
0,"['all', 'all', 'wrong']","[0, 0, 0, 0, 0]",main_trials,13,31,46
0,"['most', 'most', 'wrong']","[12, 12, 3, 3, 3]",main_trials,12,21,46
0,"['none', 'all', 'right']","[9, 9, 9, 0, 0]",main_trials,18,6,46
1,"['most', 'most', 'right']","[12, 12, 9, 0, 0]",main_trials,4,20,46
0,"['most', 'most', 'wrong']","[12, 12, 3, 0, 0]",main_trials,10,21,46
1,"['most', 'some', 'right']","[3, 3, 3, 0, 0]",main_trials,9,18,46
0,"['most', 'some', 'wrong']","[12, 12, 9, 9, 9]",main_trials,16,19,46
0,"['none', 'all', 'wrong']","[9, 9, 9, 3, 3]",main_trials,7,7,46
1,"['most', 'some', 'right']","[9, 9, 3, 0, 0]",main_trials,19,18,46
1,"['some', 'most', 'right']","[9, 9, 0, 0, 0]",main_trials,3,12,46
0,"['none', 'all', 'right']","[9, 9, 9, 9, 9]",main_trials,8,6,46
0,"['none', 'all', 'wrong']","[12, 12, 12, 12, 12]",main_trials,2,7,46
1,"['none', 'all', 'wrong']","[12, 12, 9, 3, 3]",main_trials,15,7,46
1,"['all', 'most', 'right']","[12, 12, 12, 9, 9]",main_trials,5,28,46
1,"['all', 'some', 'right']","[3, 3, 3, 3, 3]",main_trials,14,26,46
0,"['some', 'some', 'wrong']","[12, 12, 9, 9, 9]",main_trials,16,11,31
1,"['some', 'some', 'right']","[3, 3, 0, 0, 0]",main_trials,17,10,31
0,"['some', 'all', 'wrong']","[12, 12, 12, 0, 0]",main_trials,6,15,31
1,"['most', 'most', 'right']","[9, 9, 9, 3, 3]",main_trials,7,20,31
1,"['some', 'most', 'right']","[9, 9, 0, 0, 0]",main_trials,3,12,31
1,"['most', 'some', 'right']","[9, 9, 3, 0, 0]",main_trials,19,18,31
1,"['some', 'all', 'right']","[12, 12, 3, 3, 3]",main_trials,12,14,31
0,"['some', 'all', 'wrong']","[12, 12, 9, 0, 0]",main_trials,4,15,31
1,"['all', 'some', 'right']","[9, 9, 3, 3, 3]",main_trials,0,26,31
0,"['some', 'most', 'wrong']","[12, 12, 12, 3, 3]",main_trials,11,13,31
0,"['most', 'all', 'wrong']","[12, 12, 0, 0, 0]",main_trials,1,23,31
0,"['all', 'most', 'wrong']","[3, 3, 3, 3, 3]",main_trials,14,29,31
0,"['some', 'some', 'wrong']","[12, 12, 12, 9, 9]",main_trials,5,11,31
0,"['all', 'none', 'wrong']","[12, 12, 12, 12, 12]",main_trials,2,25,31
1,"['some', 'all', 'right']","[12, 12, 3, 0, 0]",main_trials,10,14,31
1,"['most', 'most', 'right']","[9, 9, 9, 0, 0]",main_trials,18,20,31
1,"['all', 'none', 'right']","[0, 0, 0, 0, 0]",main_trials,13,24,31
1,"['all', 'most', 'right']","[9, 9, 9, 9, 9]",main_trials,8,28,31
0,"['all', 'most', 'wrong']","[3, 3, 3, 0, 0]",main_trials,9,29,31
0,"['most', 'some', 'wrong']","[12, 12, 9, 3, 3]",main_trials,15,19,31
0,"['none', 'all', 'wrong']","[12, 12, 12, 12, 12]",main_trials,2,7,39
1,"['some', 'all', 'right']","[12, 12, 0, 0, 0]",main_trials,1,14,39
1,"['some', 'most', 'right']","[9, 9, 0, 0, 0]",main_trials,3,12,39
1,"['most', 'all', 'right']","[12, 12, 12, 0, 0]",main_trials,6,22,39
1,"['most', 'some', 'right']","[9, 9, 3, 0, 0]",main_trials,19,18,39
1,"['all', 'most', 'right']","[9, 9, 9, 9, 9]",main_trials,8,28,39
0,"['most', 'some', 'wrong']","[12, 12, 9, 9, 9]",main_trials,16,19,39
0,"['some', 'all', 'wrong']","[12, 12, 9, 0, 0]",main_trials,4,15,39
0,"['some', 'all', 'wrong']","[12, 12, 3, 0, 0]",main_trials,10,15,39
1,"['some', 'some', 'wrong']","[0, 0, 0, 0, 0]",main_trials,13,11,39
1,"['all', 'some', 'right']","[9, 9, 3, 3, 3]",main_trials,0,26,39
0,"['most', 'some', 'wrong']","[12, 12, 9, 3, 3]",main_trials,15,19,39
0,"['most', 'most', 'wrong']","[3, 3, 3, 0, 0]",main_trials,9,21,39
0,"['all', 'most', 'wrong']","[3, 3, 3, 3, 3]",main_trials,14,29,39
1,"['most', 'most', 'right']","[9, 9, 9, 0, 0]",main_trials,18,20,39
0,"['some', 'some', 'wrong']","[12, 12, 12, 9, 9]",main_trials,5,11,39
0,"['most', 'most', 'wrong']","[12, 12, 3, 3, 3]",main_trials,12,21,39
1,"['most', 'most', 'right']","[9, 9, 9, 3, 3]",main_trials,7,20,39
0,"['most', 'all', 'wrong']","[3, 3, 0, 0, 0]",main_trials,17,23,39
1,"['all', 'some', 'right']","[9, 9, 3, 3, 3]",main_trials,0,26,10
1,"['some', 'some', 'wrong']","[0, 0, 0, 0, 0]",main_trials,13,11,10
1,"['all', 'some', 'right']","[9, 9, 9, 3, 3]",main_trials,7,26,10
0,"['some', 'all', 'wrong']","[3, 3, 0, 0, 0]",main_trials,17,15,10
0,"['some', 'most', 'wrong']","[12, 12, 12, 3, 3]",main_trials,11,13,10
0,"['some', 'all', 'wrong']","[3, 3, 3, 0, 0]",main_trials,9,15,10
1,"['some', 'some', 'wrong']","[12, 12, 12, 9, 9]",main_trials,5,11,10
0,"['all', 'some', 'wrong']","[9, 9, 3, 0, 0]",main_trials,19,27,10
0,"['some', 'some', 'right']","[12, 12, 12, 12, 12]",main_trials,2,10,10
1,"['all', 'some', 'wrong']","[9, 9, 9, 0, 0]",main_trials,18,27,10
1,"['most', 'all', 'wrong']","[12, 12, 0, 0, 0]",main_trials,1,23,10
0,"['most', 'some', 'wrong']","[12, 12, 9, 0, 0]",main_trials,4,19,10
1,"['all', 'some', 'wrong']","[9, 9, 9, 9, 9]",main_trials,8,27,10
0,"['most', 'most', 'wrong']","[12, 12, 3, 3, 3]",main_trials,12,21,10
0,"['some', 'all', 'wrong']","[12, 12, 12, 0, 0]",main_trials,6,15,10
1,"['most', 'some', 'right']","[12, 12, 3, 0, 0]",main_trials,10,18,10
0,"['all', 'most', 'wrong']","[3, 3, 3, 3, 3]",main_trials,14,29,10
0,"['all', 'some', 'wrong']","[9, 9, 0, 0, 0]",main_trials,3,27,10
0,"['most', 'most', 'wrong']","[3, 3, 3, 0, 0]",main_trials,9,21,54
1,"['all', 'most', 'right']","[12, 12, 12, 9, 9]",main_trials,5,28,54
0,"['some', 'some', 'wrong']","[9, 9, 9, 0, 0]",main_trials,18,11,54
1,"['most', 'some', 'right']","[12, 12, 9, 3, 3]",main_trials,15,18,54
0,"['some', 'some', 'wrong']","[12, 12, 9, 0, 0]",main_trials,4,11,54
0,"['all', 'all', 'wrong']","[0, 0, 0, 0, 0]",main_trials,13,31,54
0,"['most', 'most', 'right']","[9, 9, 9, 3, 3]",main_trials,7,20,54
1,"['most', 'some', 'right']","[12, 12, 3, 0, 0]",main_trials,10,18,54
1,"['most', 'some', 'right']","[12, 12, 3, 3, 3]",main_trials,12,18,54
0,"['most', 'most', 'wrong']","[3, 3, 0, 0, 0]",main_trials,17,21,54
1,"['some', 'most', 'right']","[12, 12, 0, 0, 0]",main_trials,1,12,54
0,"['most', 'most', 'right']","[12, 12, 12, 3, 3]",main_trials,11,20,54
1,"['some', 'some', 'right']","[3, 3, 3, 3, 3]",main_trials,14,10,54
0,"['all', 'all', 'right']","[12, 12, 12, 12, 12]",main_trials,2,30,54
1,"['most', 'some', 'right']","[9, 9, 3, 0, 0]",main_trials,19,18,54
1,"['some', 'some', 'right']","[9, 9, 0, 0, 0]",main_trials,3,10,54
1,"['most', 'most', 'right']","[12, 12, 9, 9, 9]",main_trials,16,20,54
1,"['most', 'some', 'right']","[3, 3, 3, 0, 0]",main_trials,9,18,38
1,"['most', 'all', 'right']","[12, 12, 12, 3, 3]",main_trials,11,22,38
0,"['most', 'all', 'wrong']","[9, 9, 0, 0, 0]",main_trials,3,23,38
0,"['most', 'all', 'wrong']","[3, 3, 0, 0, 0]",main_trials,17,23,38
0,"['most', 'some', 'wrong']","[12, 12, 9, 9, 9]",main_trials,16,19,38
1,"['all', 'all', 'right']","[12, 12, 12, 12, 12]",main_trials,2,30,38
0,"['most', 'most', 'wrong']","[12, 12, 3, 3, 3]",main_trials,12,21,38
0,"['all', 'some', 'wrong']","[9, 9, 3, 3, 3]",main_trials,0,27,38
1,"['most', 'most', 'right']","[9, 9, 9, 0, 0]",main_trials,18,20,38
1,"['none', 'all', 'wrong']","[3, 3, 3, 3, 3]",main_trials,14,7,38
0,"['some', 'some', 'wrong']","[12, 12, 12, 9, 9]",main_trials,5,11,38
1,"['most', 'most', 'right']","[12, 12, 9, 0, 0]",main_trials,4,20,38
1,"['some', 'all', 'right']","[12, 12, 3, 0, 0]",main_trials,10,14,38
0,"['all', 'all', 'wrong']","[0, 0, 0, 0, 0]",main_trials,13,31,38
1,"['some', 'all', 'right']","[12, 12, 0, 0, 0]",main_trials,1,14,38
1,"['none', 'all', 'wrong']","[12, 12, 9, 3, 3]",main_trials,15,7,38
0,"['some', 'all', 'wrong']","[12, 12, 12, 0, 0]",main_trials,6,15,38
0,"['none', 'all', 'right']","[9, 9, 9, 9, 9]",main_trials,8,6,38
1,"['all', 'some', 'right']","[9, 9, 9, 3, 3]",main_trials,7,26,38
0,"['most', 'most', 'wrong']","[9, 9, 3, 0, 0]",main_trials,19,21,38
1,"['most', 'most', 'right']","[12, 12, 12, 9, 9]",main_trials,5,20,48
1,"['some', 'most', 'wrong']","[0, 0, 0, 0, 0]",main_trials,13,13,48
1,"['some', 'some', 'right']","[9, 9, 3, 0, 0]",main_trials,19,10,48
1,"['most', 'most', 'right']","[12, 12, 9, 9, 9]",main_trials,16,20,48
1,"['most', 'all', 'right']","[12, 12, 12, 0, 0]",main_trials,6,22,48
0,"['some', 'some', 'right']","[9, 9, 3, 3, 3]",main_trials,0,10,48
0,"['some', 'some', 'right']","[12, 12, 0, 0, 0]",main_trials,1,10,48
0,"['some', 'some', 'right']","[12, 12, 9, 0, 0]",main_trials,4,10,48
1,"['most', 'most', 'right']","[9, 9, 9, 3, 3]",main_trials,7,20,48
0,"['most', 'some', 'right']","[12, 12, 9, 3, 3]",main_trials,15,18,48
0,"['most', 'some', 'right']","[9, 9, 9, 9, 9]",main_trials,8,18,48
0,"['most', 'most', 'right']","[12, 12, 12, 12, 12]",main_trials,2,20,48
0,"['some', 'some', 'right']","[9, 9, 0, 0, 0]",main_trials,3,10,48
1,"['most', 'some', 'right']","[9, 9, 9, 0, 0]",main_trials,18,18,48
0,"['some', 'some', 'wrong']","[3, 3, 3, 0, 0]",main_trials,9,11,48
1,"['some', 'some', 'right']","[3, 3, 0, 0, 0]",main_trials,17,10,48
0,"['some', 'some', 'wrong']","[3, 3, 3, 3, 3]",main_trials,14,11,48
0,"['some', 'some', 'wrong']","[12, 12, 12, 3, 3]",main_trials,11,11,45
0,"['some', 'all', 'wrong']","[12, 12, 9, 0, 0]",main_trials,4,15,45
0,"['some', 'some', 'wrong']","[12, 12, 9, 9, 9]",main_trials,16,11,45
1,"['some', 'all', 'right']","[12, 12, 0, 0, 0]",main_trials,1,14,45
1,"['some', 'most', 'right']","[9, 9, 9, 0, 0]",main_trials,18,12,45
1,"['some', 'all', 'right']","[12, 12, 3, 3, 3]",main_trials,12,14,45
1,"['some', 'all', 'right']","[12, 12, 3, 0, 0]",main_trials,10,14,45
1,"['some', 'all', 'right']","[12, 12, 9, 3, 3]",main_trials,15,14,45
0,"['some', 'most', 'wrong']","[9, 9, 3, 3, 3]",main_trials,0,13,45
0,"['some', 'some', 'wrong']","[12, 12, 12, 9, 9]",main_trials,5,11,45
1,"['some', 'some', 'right']","[3, 3, 0, 0, 0]",main_trials,17,10,45
0,"['some', 'most', 'wrong']","[9, 9, 9, 3, 3]",main_trials,7,13,45
1,"['all', 'most', 'right']","[9, 9, 9, 9, 9]",main_trials,8,28,45
1,"['all', 'all', 'right']","[12, 12, 12, 12, 12]",main_trials,2,30,45
0,"['all', 'none', 'right']","[0, 0, 0, 0, 0]",main_trials,13,24,45
0,"['some', 'none', 'right']","[9, 9, 0, 0, 0]",main_trials,3,8,45
1,"['some', 'some', 'right']","[3, 3, 3, 3, 3]",main_trials,14,10,45
0,"['some', 'all', 'wrong']","[12, 12, 12, 0, 0]",main_trials,6,15,45
1,"['some', 'some', 'right']","[3, 3, 3, 0, 0]",main_trials,9,10,45
0,"['all', 'some', 'wrong']","[9, 9, 9, 3, 3]",main_trials,7,27,8
0,"['some', 'some', 'wrong']","[12, 12, 12, 9, 9]",main_trials,5,11,8
1,"['none', 'all', 'wrong']","[12, 12, 12, 12, 12]",main_trials,2,7,8
0,"['all', 'some', 'wrong']","[9, 9, 9, 0, 0]",main_trials,18,27,8
1,"['none', 'all', 'right']","[0, 0, 0, 0, 0]",main_trials,13,6,8
1,"['most', 'some', 'right']","[3, 3, 3, 0, 0]",main_trials,9,18,8
0,"['some', 'all', 'wrong']","[9, 9, 3, 0, 0]",main_trials,19,15,8
0,"['some', 'most', 'wrong']","[12, 12, 12, 0, 0]",main_trials,6,13,8
1,"['most', 'all', 'right']","[12, 12, 12, 3, 3]",main_trials,11,22,8
0,"['most', 'most', 'wrong']","[9, 9, 3, 3, 3]",main_trials,0,21,8
0,"['some', 'none', 'right']","[12, 12, 9, 0, 0]",main_trials,4,8,8
1,"['all', 'some', 'right']","[3, 3, 3, 3, 3]",main_trials,14,26,8
0,"['all', 'most', 'wrong']","[3, 3, 0, 0, 0]",main_trials,17,29,8
1,"['some', 'all', 'right']","[12, 12, 0, 0, 0]",main_trials,1,14,8
0,"['some', 'most', 'wrong']","[12, 12, 9, 3, 3]",main_trials,15,13,8
1,"['some', 'all', 'right']","[12, 12, 3, 3, 3]",main_trials,12,14,8
1,"['some', 'all', 'right']","[12, 12, 3, 0, 0]",main_trials,10,14,8
1,"['some', 'most', 'right']","[9, 9, 0, 0, 0]",main_trials,3,12,8
1,"['most', 'most', 'right']","[12, 12, 9, 9, 9]",main_trials,16,20,8
0,"['none', 'all', 'right']","[9, 9, 9, 9, 9]",main_trials,8,6,8
0,"['most', 'most', 'wrong']","[3, 3, 3, 3, 3]",main_trials,14,21,27
1,"['most', 'most', 'right']","[12, 12, 9, 0, 0]",main_trials,4,20,27
1,"['some', 'all', 'right']","[12, 12, 3, 3, 3]",main_trials,12,14,27
0,"['some', 'all', 'wrong']","[12, 12, 0, 0, 0]",main_trials,1,15,27
1,"['some', 'some', 'right']","[3, 3, 3, 0, 0]",main_trials,9,10,27
1,"['some', 'all', 'right']","[12, 12, 3, 0, 0]",main_trials,10,14,27
1,"['some', 'some', 'wrong']","[0, 0, 0, 0, 0]",main_trials,13,11,27
0,"['most', 'most', 'wrong']","[9, 9, 3, 3, 3]",main_trials,0,21,27
1,"['some', 'some', 'right']","[3, 3, 0, 0, 0]",main_trials,17,10,27
0,"['some', 'most', 'wrong']","[12, 12, 12, 3, 3]",main_trials,11,13,27
0,"['some', 'all', 'wrong']","[9, 9, 3, 0, 0]",main_trials,19,15,27
0,"['some', 'all', 'wrong']","[9, 9, 0, 0, 0]",main_trials,3,15,27
0,"['some', 'all', 'wrong']","[9, 9, 9, 0, 0]",main_trials,18,15,27
1,"['all', 'all', 'right']","[12, 12, 12, 12, 12]",main_trials,2,30,27
0,"['some', 'all', 'wrong']","[12, 12, 12, 0, 0]",main_trials,6,15,27
0,"['some', 'some', 'wrong']","[12, 12, 9, 9, 9]",main_trials,16,11,27
1,"['most', 'all', 'right']","[12, 12, 12, 9, 9]",main_trials,5,22,27
1,"['most', 'most', 'right']","[9, 9, 9, 3, 3]",main_trials,7,20,27
0,"['some', 'most', 'wrong']","[12, 12, 9, 3, 3]",main_trials,15,13,27
1,"['all', 'most', 'right']","[9, 9, 9, 9, 9]",main_trials,8,28,27
0,"['all', 'all', 'wrong']","[0, 0, 0, 0, 0]",main_trials,13,31,17
1,"['all', 'some', 'right']","[3, 3, 3, 3, 3]",main_trials,14,26,17
0,"['all', 'some', 'wrong']","[9, 9, 9, 9, 9]",main_trials,8,27,17
1,"['all', 'some', 'right']","[9, 9, 3, 3, 3]",main_trials,0,26,17
1,"['most', 'most', 'right']","[12, 12, 9, 3, 3]",main_trials,15,20,17
1,"['most', 'most', 'right']","[9, 9, 9, 0, 0]",main_trials,18,20,17
1,"['most', 'all', 'right']","[12, 12, 12, 0, 0]",main_trials,6,22,17
1,"['all', 'most', 'right']","[12, 12, 12, 9, 9]",main_trials,5,28,17
0,"['most', 'some', 'wrong']","[12, 12, 9, 9, 9]",main_trials,16,19,17
0,"['most', 'all', 'wrong']","[3, 3, 0, 0, 0]",main_trials,17,23,17
1,"['most', 'some', 'right']","[3, 3, 3, 0, 0]",main_trials,9,18,17
0,"['some', 'all', 'wrong']","[9, 9, 3, 0, 0]",main_trials,19,15,17
0,"['all', 'all', 'right']","[12, 12, 12, 12, 12]",main_trials,2,30,17
1,"['some', 'all', 'right']","[12, 12, 0, 0, 0]",main_trials,1,14,17
0,"['most', 'most', 'wrong']","[12, 12, 3, 0, 0]",main_trials,10,21,17
1,"['most', 'most', 'right']","[9, 9, 9, 3, 3]",main_trials,7,20,17
0,"['most', 'most', 'right']","[12, 12, 9, 0, 0]",main_trials,4,20,17
1,"['most', 'all', 'right']","[12, 12, 12, 3, 3]",main_trials,11,22,17
0,"['most', 'most', 'wrong']","[12, 12, 3, 3, 3]",main_trials,12,21,17
0,"['most', 'all', 'wrong']","[9, 9, 0, 0, 0]",main_trials,3,23,17
1,"['some', 'most', 'right']","[9, 9, 0, 0, 0]",main_trials,3,12,1
1,"['most', 'some', 'right']","[9, 9, 3, 0, 0]",main_trials,19,18,1
0,"['some', 'most', 'wrong']","[12, 12, 9, 3, 3]",main_trials,15,13,1
0,"['some', 'some', 'wrong']","[12, 12, 9, 9, 9]",main_trials,16,11,1
0,"['most', 'most', 'wrong']","[3, 3, 3, 0, 0]",main_trials,9,21,1
1,"['most', 'all', 'right']","[12, 12, 12, 3, 3]",main_trials,11,22,1
1,"['some', 'most', 'right']","[9, 9, 3, 3, 3]",main_trials,0,12,1
0,"['all', 'most', 'wrong']","[3, 3, 0, 0, 0]",main_trials,17,29,1
0,"['all', 'some', 'wrong']","[9, 9, 9, 9, 9]",main_trials,8,27,1
1,"['all', 'some', 'right']","[3, 3, 3, 3, 3]",main_trials,14,26,1
1,"['all', 'most', 'right']","[12, 12, 12, 9, 9]",main_trials,5,28,1
0,"['some', 'most', 'wrong']","[9, 9, 9, 3, 3]",main_trials,7,13,1
0,"['some', 'all', 'wrong']","[12, 12, 9, 0, 0]",main_trials,4,15,1
1,"['most', 'all', 'right']","[12, 12, 12, 0, 0]",main_trials,6,22,1
0,"['most', 'most', 'wrong']","[12, 12, 3, 0, 0]",main_trials,10,21,1
1,"['most', 'most', 'right']","[9, 9, 9, 0, 0]",main_trials,18,20,1
1,"['some', 'all', 'right']","[12, 12, 3, 3, 3]",main_trials,12,14,1
0,"['most', 'all', 'wrong']","[12, 12, 0, 0, 0]",main_trials,1,23,1
1,"['some', 'most', 'right']","[9, 9, 3, 3, 3]",main_trials,0,12,5
0,"['some', 'most', 'wrong']","[3, 3, 3, 0, 0]",main_trials,9,13,5
1,"['most', 'most', 'right']","[12, 12, 9, 3, 3]",main_trials,15,20,5
0,"['some', 'some', 'right']","[12, 12, 9, 0, 0]",main_trials,4,10,5
1,"['most', 'all', 'wrong']","[0, 0, 0, 0, 0]",main_trials,13,23,5
1,"['most', 'most', 'right']","[9, 9, 9, 9, 9]",main_trials,8,20,5
1,"['all', 'most', 'right']","[12, 12, 9, 9, 9]",main_trials,16,28,5
0,"['some', 'most', 'wrong']","[12, 12, 3, 0, 0]",main_trials,10,13,5
1,"['some', 'some', 'right']","[9, 9, 9, 0, 0]",main_trials,18,10,5
1,"['some', 'some', 'right']","[3, 3, 0, 0, 0]",main_trials,17,10,5
0,"['some', 'most', 'wrong']","[9, 9, 3, 0, 0]",main_trials,19,13,5
0,"['some', 'some', 'right']","[12, 12, 12, 0, 0]",main_trials,6,10,5
0,"['all', 'some', 'wrong']","[9, 9, 9, 3, 3]",main_trials,7,27,5
1,"['some', 'most', 'right']","[9, 9, 0, 0, 0]",main_trials,3,12,5
0,"['some', 'some', 'wrong']","[12, 12, 12, 9, 9]",main_trials,5,11,5
1,"['some', 'all', 'right']","[12, 12, 0, 0, 0]",main_trials,1,14,5
1,"['some', 'all', 'right']","[12, 12, 3, 3, 3]",main_trials,12,14,5
0,"['some', 'most', 'wrong']","[12, 12, 12, 3, 3]",main_trials,11,13,5
0,"['all', 'most', 'wrong']","[3, 3, 3, 3, 3]",main_trials,14,29,5
1,"['all', 'some', 'right']","[9, 9, 3, 3, 3]",main_trials,0,26,19
1,"['most', 'some', 'right']","[3, 3, 3, 0, 0]",main_trials,9,18,19
0,"['some', 'most', 'wrong']","[12, 12, 9, 3, 3]",main_trials,15,13,19
0,"['all', 'most', 'wrong']","[3, 3, 0, 0, 0]",main_trials,17,29,19
1,"['most', 'all', 'right']","[12, 12, 12, 0, 0]",main_trials,6,22,19
1,"['all', 'most', 'right']","[12, 12, 9, 9, 9]",main_trials,16,28,19
0,"['most', 'all', 'wrong']","[12, 12, 0, 0, 0]",main_trials,1,23,19
1,"['all', 'some', 'right']","[3, 3, 3, 3, 3]",main_trials,14,26,19
1,"['some', 'all', 'right']","[12, 12, 3, 0, 0]",main_trials,10,14,19
0,"['some', 'most', 'wrong']","[12, 12, 12, 3, 3]",main_trials,11,13,19
1,"['most', 'all', 'right']","[12, 12, 12, 9, 9]",main_trials,5,22,19
0,"['all', 'none', 'right']","[0, 0, 0, 0, 0]",main_trials,13,24,19
0,"['all', 'some', 'wrong']","[9, 9, 9, 3, 3]",main_trials,7,27,19
0,"['most', 'all', 'wrong']","[9, 9, 0, 0, 0]",main_trials,3,23,19
0,"['most', 'most', 'wrong']","[12, 12, 3, 3, 3]",main_trials,12,21,19
1,"['most', 'most', 'right']","[9, 9, 9, 0, 0]",main_trials,18,20,19
0,"['all', 'some', 'wrong']","[9, 9, 9, 9, 9]",main_trials,8,27,19
0,"['none', 'all', 'wrong']","[12, 12, 12, 12, 12]",main_trials,2,7,19
1,"['some', 'all', 'right']","[12, 12, 9, 0, 0]",main_trials,4,14,19
0,"['all', 'most', 'wrong']","[3, 3, 3, 0, 0]",main_trials,9,29,16
1,"['most', 'all', 'right']","[12, 12, 12, 3, 3]",main_trials,11,22,16
0,"['some', 'all', 'wrong']","[12, 12, 9, 0, 0]",main_trials,4,15,16
0,"['most', 'some', 'wrong']","[12, 12, 9, 9, 9]",main_trials,16,19,16
1,"['some', 'some', 'right']","[3, 3, 0, 0, 0]",main_trials,17,10,16
1,"['some', 'most', 'right']","[9, 9, 3, 3, 3]",main_trials,0,12,16
1,"['most', 'most', 'right']","[9, 9, 9, 3, 3]",main_trials,7,20,16
0,"['most', 'most', 'wrong']","[9, 9, 3, 0, 0]",main_trials,19,21,16
0,"['some', 'all', 'wrong']","[12, 12, 3, 0, 0]",main_trials,10,15,16
0,"['none', 'all', 'right']","[9, 9, 9, 9, 9]",main_trials,8,6,16
1,"['most', 'all', 'right']","[12, 12, 12, 0, 0]",main_trials,6,22,16
1,"['most', 'most', 'right']","[9, 9, 9, 0, 0]",main_trials,18,20,16
0,"['most', 'all', 'wrong']","[12, 12, 0, 0, 0]",main_trials,1,23,16
0,"['all', 'most', 'wrong']","[3, 3, 3, 3, 3]",main_trials,14,29,16
1,"['most', 'all', 'right']","[12, 12, 12, 9, 9]",main_trials,5,22,16
1,"['some', 'all', 'right']","[12, 12, 3, 3, 3]",main_trials,12,14,16
1,"['some', 'all', 'right']","[12, 12, 9, 3, 3]",main_trials,15,14,16
0,"['most', 'all', 'wrong']","[9, 9, 0, 0, 0]",main_trials,3,23,16
0,"['all', 'most', 'wrong']","[3, 3, 3, 3, 3]",main_trials,14,29,4
1,"['most', 'most', 'right']","[12, 12, 9, 0, 0]",main_trials,4,20,4
1,"['most', 'most', 'right']","[12, 12, 9, 9, 9]",main_trials,16,20,4
1,"['some', 'all', 'right']","[12, 12, 3, 3, 3]",main_trials,12,14,4
0,"['some', 'some', 'wrong']","[9, 9, 9, 9, 9]",main_trials,8,11,4
0,"['most', 'most', 'wrong']","[12, 12, 3, 0, 0]",main_trials,10,21,4
1,"['some', 'all', 'right']","[12, 12, 0, 0, 0]",main_trials,1,14,4
1,"['most', 'all', 'right']","[12, 12, 12, 0, 0]",main_trials,6,22,4
0,"['most', 'most', 'wrong']","[3, 3, 3, 0, 0]",main_trials,9,21,4
1,"['some', 'some', 'right']","[3, 3, 0, 0, 0]",main_trials,17,10,4
1,"['some', 'most', 'right']","[9, 9, 9, 0, 0]",main_trials,18,12,4
1,"['some', 'most', 'right']","[9, 9, 3, 3, 3]",main_trials,0,12,4
0,"['some', 'most', 'wrong']","[12, 12, 12, 3, 3]",main_trials,11,13,4
0,"['most', 'most', 'wrong']","[9, 9, 3, 0, 0]",main_trials,19,21,4
0,"['some', 'some', 'wrong']","[12, 12, 12, 9, 9]",main_trials,5,11,4
1,"['some', 'most', 'right']","[9, 9, 9, 3, 3]",main_trials,7,12,4
0,"['all', 'all', 'wrong']","[0, 0, 0, 0, 0]",main_trials,13,31,4
0,"['some', 'most', 'wrong']","[12, 12, 9, 3, 3]",main_trials,15,13,4
1,"['some', 'most', 'right']","[9, 9, 0, 0, 0]",main_trials,3,12,4
1,"['most', 'all', 'right']","[12, 12, 12, 0, 0]",main_trials,6,22,14
0,"['all', 'all', 'wrong']","[0, 0, 0, 0, 0]",main_trials,13,31,14
1,"['all', 'most', 'right']","[9, 9, 9, 9, 9]",main_trials,8,28,14
0,"['most', 'some', 'wrong']","[12, 12, 9, 0, 0]",main_trials,4,19,14
1,"['some', 'all', 'right']","[12, 12, 3, 3, 3]",main_trials,12,14,14
0,"['most', 'some', 'wrong']","[12, 12, 9, 9, 9]",main_trials,16,19,14
0,"['most', 'all', 'right']","[12, 12, 12, 9, 9]",main_trials,5,22,14
1,"['some', 'some', 'right']","[3, 3, 0, 0, 0]",main_trials,17,10,14
0,"['most', 'most', 'wrong']","[12, 12, 3, 0, 0]",main_trials,10,21,14
1,"['some', 'most', 'right']","[9, 9, 3, 0, 0]",main_trials,19,12,14
0,"['most', 'all', 'wrong']","[12, 12, 0, 0, 0]",main_trials,1,23,14
0,"['most', 'some', 'wrong']","[12, 12, 9, 3, 3]",main_trials,15,19,14
1,"['most', 'all', 'right']","[12, 12, 12, 3, 3]",main_trials,11,22,14
0,"['all', 'most', 'wrong']","[3, 3, 3, 3, 3]",main_trials,14,29,14
1,"['some', 'most', 'right']","[9, 9, 0, 0, 0]",main_trials,3,12,14
1,"['most', 'most', 'right']","[9, 9, 9, 0, 0]",main_trials,18,20,14
1,"['all', 'all', 'right']","[12, 12, 12, 12, 12]",main_trials,2,30,14
1,"['most', 'some', 'right']","[3, 3, 3, 0, 0]",main_trials,9,18,14
1,"['some', 'all', 'right']","[12, 12, 0, 0, 0]",main_trials,1,14,47
1,"['some', 'most', 'right']","[9, 9, 3, 0, 0]",main_trials,19,12,47
0,"['most', 'most', 'right']","[9, 9, 9, 3, 3]",main_trials,7,20,47
1,"['most', 'some', 'right']","[12, 12, 3, 3, 3]",main_trials,12,18,47
0,"['most', 'all', 'right']","[12, 12, 12, 9, 9]",main_trials,5,22,47
0,"['most', 'most', 'right']","[12, 12, 9, 9, 9]",main_trials,16,20,47
0,"['most', 'most', 'right']","[12, 12, 9, 3, 3]",main_trials,15,20,47
0,"['most', 'most', 'right']","[9, 9, 9, 9, 9]",main_trials,8,20,47
1,"['most', 'most', 'right']","[12, 12, 9, 0, 0]",main_trials,4,20,47
0,"['none', 'all', 'wrong']","[3, 3, 3, 3, 3]",main_trials,14,7,47
0,"['most', 'all', 'wrong']","[3, 3, 0, 0, 0]",main_trials,17,23,47
1,"['some', 'most', 'right']","[9, 9, 3, 3, 3]",main_trials,0,12,47
0,"['some', 'most', 'wrong']","[12, 12, 12, 3, 3]",main_trials,11,13,47
1,"['most', 'all', 'right']","[12, 12, 12, 0, 0]",main_trials,6,22,47
0,"['some', 'all', 'wrong']","[9, 9, 9, 0, 0]",main_trials,18,15,47
1,"['all', 'all', 'right']","[12, 12, 12, 12, 12]",main_trials,2,30,47
0,"['some', 'some', 'right']","[9, 9, 3, 0, 0]",main_trials,19,10,37
0,"['most', 'most', 'right']","[9, 9, 9, 3, 3]",main_trials,7,20,37
1,"['most', 'most', 'wrong']","[3, 3, 3, 3, 3]",main_trials,14,21,37
0,"['most', 'most', 'right']","[12, 12, 9, 9, 9]",main_trials,16,20,37
0,"['most', 'most', 'right']","[12, 12, 12, 0, 0]",main_trials,6,20,37
1,"['some', 'most', 'wrong']","[9, 9, 3, 3, 3]",main_trials,0,13,37
0,"['most', 'most', 'wrong']","[3, 3, 3, 0, 0]",main_trials,9,21,37
0,"['most', 'most', 'right']","[12, 12, 12, 3, 3]",main_trials,11,20,37
1,"['some', 'most', 'wrong']","[12, 12, 0, 0, 0]",main_trials,1,13,37
1,"['most', 'most', 'right']","[12, 12, 9, 3, 3]",main_trials,15,20,37
0,"['most', 'most', 'right']","[12, 12, 12, 9, 9]",main_trials,5,20,37
1,"['all', 'all', 'wrong']","[0, 0, 0, 0, 0]",main_trials,13,31,37
0,"['some', 'some', 'wrong']","[12, 12, 3, 3, 3]",main_trials,12,11,37
1,"['all', 'all', 'right']","[12, 12, 12, 12, 12]",main_trials,2,30,37
0,"['some', 'most', 'wrong']","[9, 9, 9, 0, 0]",main_trials,18,13,37
1,"['most', 'some', 'wrong']","[12, 12, 3, 0, 0]",main_trials,10,19,37
1,"['most', 'most', 'right']","[12, 12, 9, 0, 0]",main_trials,4,20,37
1,"['most', 'most', 'wrong']","[9, 9, 0, 0, 0]",main_trials,3,21,37
0,"['most', 'most', 'right']","[9, 9, 9, 9, 9]",main_trials,8,20,37
1,"['most', 'most', 'wrong']","[3, 3, 0, 0, 0]",main_trials,17,21,37
0,"['all', 'all', 'wrong']","[0, 0, 0, 0, 0]",main_trials,13,31,13
0,"['some', 'most', 'wrong']","[12, 12, 12, 0, 0]",main_trials,6,13,13
0,"['some', 'some', 'wrong']","[12, 12, 3, 3, 3]",main_trials,12,11,13
1,"['most', 'most', 'right']","[12, 12, 9, 0, 0]",main_trials,4,20,13
0,"['most', 'most', 'wrong']","[3, 3, 3, 3, 3]",main_trials,14,21,13
1,"['some', 'most', 'right']","[9, 9, 3, 3, 3]",main_trials,0,12,13
1,"['some', 'most', 'right']","[9, 9, 9, 0, 0]",main_trials,18,12,13
1,"['most', 'all', 'right']","[12, 12, 12, 9, 9]",main_trials,5,22,13
0,"['most', 'most', 'wrong']","[12, 12, 3, 0, 0]",main_trials,10,21,13
0,"['most', 'some', 'wrong']","[9, 9, 9, 3, 3]",main_trials,7,19,13
1,"['all', 'all', 'right']","[12, 12, 12, 12, 12]",main_trials,2,30,13
1,"['most', 'all', 'right']","[12, 12, 12, 3, 3]",main_trials,11,22,13
1,"['most', 'most', 'right']","[12, 12, 9, 3, 3]",main_trials,15,20,13
1,"['most', 'most', 'right']","[9, 9, 9, 9, 9]",main_trials,8,20,13
1,"['some', 'some', 'right']","[3, 3, 0, 0, 0]",main_trials,17,10,13
0,"['most', 'most', 'wrong']","[9, 9, 3, 0, 0]",main_trials,19,21,13
0,"['most', 'all', 'wrong']","[9, 9, 0, 0, 0]",main_trials,3,23,13
0,"['most', 'all', 'wrong']","[12, 12, 0, 0, 0]",main_trials,1,23,13
0,"['some', 'most', 'wrong']","[12, 12, 12, 3, 3]",main_trials,11,13,11
1,"['some', 'most', 'right']","[9, 9, 3, 3, 3]",main_trials,0,12,11
1,"['some', 'all', 'right']","[12, 12, 3, 0, 0]",main_trials,10,14,11
0,"['most', 'most', 'wrong']","[9, 9, 3, 0, 0]",main_trials,19,21,11
0,"['most', 'most', 'right']","[12, 12, 9, 3, 3]",main_trials,15,20,11
1,"['some', 'some', 'right']","[3, 3, 3, 3, 3]",main_trials,14,10,11
1,"['all', 'most', 'right']","[9, 9, 9, 9, 9]",main_trials,8,28,11
1,"['all', 'all', 'right']","[12, 12, 12, 12, 12]",main_trials,2,30,11
0,"['all', 'most', 'wrong']","[3, 3, 3, 0, 0]",main_trials,9,29,11
1,"['some', 'all', 'right']","[12, 12, 0, 0, 0]",main_trials,1,14,11
1,"['most', 'most', 'right']","[9, 9, 9, 0, 0]",main_trials,18,20,11
0,"['all', 'some', 'wrong']","[9, 9, 9, 3, 3]",main_trials,7,27,11
0,"['most', 'most', 'wrong']","[12, 12, 3, 3, 3]",main_trials,12,21,11
0,"['all', 'all', 'wrong']","[0, 0, 0, 0, 0]",main_trials,13,31,11
1,"['some', 'some', 'right']","[3, 3, 0, 0, 0]",main_trials,17,10,11
0,"['some', 'all', 'wrong']","[12, 12, 12, 0, 0]",main_trials,6,15,11
1,"['most', 'all', 'right']","[12, 12, 12, 9, 9]",main_trials,5,22,11
0,"['most', 'all', 'wrong']","[9, 9, 0, 0, 0]",main_trials,3,23,11
0,"['some', 'some', 'wrong']","[12, 12, 9, 9, 9]",main_trials,16,11,11
1,"['most', 'most', 'right']","[12, 12, 9, 0, 0]",main_trials,4,20,11
0,"['all', 'most', 'wrong']","[3, 3, 0, 0, 0]",main_trials,17,29,40
1,"['most', 'all', 'right']","[12, 12, 12, 0, 0]",main_trials,6,22,40
0,"['some', 'some', 'wrong']","[12, 12, 12, 3, 3]",main_trials,11,11,40
1,"['some', 'all', 'right']","[12, 12, 0, 0, 0]",main_trials,1,14,40
0,"['all', 'some', 'wrong']","[9, 9, 9, 9, 9]",main_trials,8,27,40
0,"['all', 'all', 'wrong']","[0, 0, 0, 0, 0]",main_trials,13,31,40
1,"['some', 'all', 'right']","[12, 12, 3, 0, 0]",main_trials,10,14,40
1,"['some', 'most', 'right']","[9, 9, 3, 0, 0]",main_trials,19,12,40
0,"['some', 'all', 'wrong']","[9, 9, 9, 0, 0]",main_trials,18,15,40
0,"['some', 'most', 'wrong']","[12, 12, 3, 3, 3]",main_trials,12,13,40
0,"['some', 'some', 'wrong']","[12, 12, 12, 9, 9]",main_trials,5,11,40
1,"['some', 'some', 'right']","[3, 3, 3, 3, 3]",main_trials,14,10,40
0,"['most', 'all', 'wrong']","[9, 9, 0, 0, 0]",main_trials,3,23,40
0,"['some', 'most', 'wrong']","[9, 9, 9, 3, 3]",main_trials,7,13,40
1,"['most', 'most', 'right']","[12, 12, 9, 9, 9]",main_trials,16,20,40
1,"['some', 'some', 'right']","[3, 3, 3, 0, 0]",main_trials,9,10,40
0,"['most', 'most', 'wrong']","[9, 9, 3, 3, 3]",main_trials,0,21,40
1,"['all', 'all', 'right']","[12, 12, 12, 12, 12]",main_trials,2,30,40
1,"['some', 'all', 'right']","[12, 12, 9, 3, 3]",main_trials,15,14,40
1,"['some', 'all', 'right']","[12, 12, 9, 0, 0]",main_trials,4,14,40
1,"['some', 'some', 'wrong']","[9, 9, 0, 0, 0]",main_trials,3,11,36
1,"['all', 'all', 'right']","[12, 12, 12, 12, 12]",main_trials,2,30,36
0,"['some', 'some', 'wrong']","[3, 3, 0, 0, 0]",main_trials,17,11,36
1,"['most', 'most', 'right']","[12, 12, 9, 3, 3]",main_trials,15,20,36
1,"['most', 'all', 'right']","[12, 12, 12, 9, 9]",main_trials,5,22,36
1,"['some', 'some', 'right']","[12, 12, 12, 0, 0]",main_trials,6,10,36
0,"['some', 'most', 'wrong']","[9, 9, 3, 3, 3]",main_trials,0,13,36
1,"['most', 'most', 'right']","[12, 12, 9, 9, 9]",main_trials,16,20,36
0,"['most', 'most', 'right']","[9, 9, 9, 9, 9]",main_trials,8,20,36
1,"['some', 'some', 'wrong']","[12, 12, 0, 0, 0]",main_trials,1,11,36
1,"['some', 'most', 'right']","[9, 9, 9, 0, 0]",main_trials,18,12,36
0,"['most', 'all', 'right']","[12, 12, 12, 3, 3]",main_trials,11,22,36
0,"['most', 'most', 'wrong']","[3, 3, 3, 0, 0]",main_trials,9,21,36
0,"['most', 'most', 'right']","[9, 9, 9, 3, 3]",main_trials,7,20,36
0,"['most', 'most', 'right']","[12, 12, 9, 0, 0]",main_trials,4,20,36
0,"['all', 'all', 'wrong']","[0, 0, 0, 0, 0]",main_trials,13,31,36
1,"['some', 'most', 'wrong']","[9, 9, 3, 0, 0]",main_trials,19,13,36
0,"['most', 'most', 'wrong']","[3, 3, 3, 3, 3]",main_trials,14,21,36
0,"['some', 'some', 'wrong']","[12, 12, 12, 9, 9]",main_trials,5,11,43
0,"['some', 'most', 'wrong']","[12, 12, 12, 0, 0]",main_trials,6,13,43
0,"['most', 'most', 'wrong']","[3, 3, 3, 3, 3]",main_trials,14,21,43
0,"['most', 'most', 'wrong']","[3, 3, 3, 0, 0]",main_trials,9,21,43
0,"['most', 'most', 'wrong']","[9, 9, 0, 0, 0]",main_trials,3,21,43
1,"['all', 'all', 'right']","[12, 12, 12, 12, 12]",main_trials,2,30,43
1,"['most', 'most', 'right']","[9, 9, 9, 0, 0]",main_trials,18,20,43
1,"['most', 'some', 'right']","[9, 9, 3, 3, 3]",main_trials,0,18,43
1,"['none', 'all', 'right']","[0, 0, 0, 0, 0]",main_trials,13,6,43
1,"['all', 'most', 'right']","[9, 9, 9, 9, 9]",main_trials,8,28,43
0,"['most', 'none', 'right']","[12, 12, 0, 0, 0]",main_trials,1,16,43
1,"['some', 'all', 'right']","[12, 12, 9, 9, 9]",main_trials,16,14,43
1,"['some', 'all', 'right']","[12, 12, 3, 0, 0]",main_trials,10,14,43
0,"['most', 'none', 'right']","[3, 3, 0, 0, 0]",main_trials,17,16,43
1,"['most', 'most', 'right']","[12, 12, 9, 3, 3]",main_trials,15,20,43
0,"['most', 'most', 'wrong']","[12, 12, 3, 3, 3]",main_trials,12,21,43
0,"['some', 'all', 'wrong']","[9, 9, 3, 0, 0]",main_trials,19,15,43
1,"['most', 'all', 'right']","[12, 12, 12, 3, 3]",main_trials,11,22,43
1,"['most', 'most', 'right']","[9, 9, 9, 3, 3]",main_trials,7,20,43
0,"['some', 'all', 'wrong']","[12, 12, 9, 0, 0]",main_trials,4,15,43
0,"['most', 'most', 'wrong']","[9, 9, 3, 3, 3]",main_trials,0,21,23
0,"['all', 'all', 'wrong']","[0, 0, 0, 0, 0]",main_trials,13,31,23
0,"['some', 'all', 'wrong']","[9, 9, 3, 0, 0]",main_trials,19,15,23
1,"['most', 'all', 'right']","[12, 12, 12, 9, 9]",main_trials,5,22,23
1,"['most', 'all', 'right']","[12, 12, 12, 0, 0]",main_trials,6,22,23
0,"['all', 'most', 'right']","[12, 12, 9, 9, 9]",main_trials,16,28,23
1,"['some', 'all', 'right']","[12, 12, 3, 0, 0]",main_trials,10,14,23
0,"['some', 'most', 'wrong']","[12, 12, 9, 3, 3]",main_trials,15,13,23
1,"['most', 'all', 'right']","[12, 12, 12, 3, 3]",main_trials,11,22,23
0,"['most', 'all', 'wrong']","[3, 3, 0, 0, 0]",main_trials,17,23,23
0,"['all', 'most', 'wrong']","[3, 3, 3, 0, 0]",main_trials,9,29,23
0,"['some', 'all', 'wrong']","[9, 9, 9, 0, 0]",main_trials,18,15,23
1,"['all', 'some', 'right']","[9, 9, 9, 3, 3]",main_trials,7,26,23
1,"['some', 'most', 'right']","[9, 9, 0, 0, 0]",main_trials,3,12,23
1,"['some', 'all', 'right']","[12, 12, 0, 0, 0]",main_trials,1,14,23
0,"['all', 'most', 'wrong']","[3, 3, 3, 3, 3]",main_trials,14,29,23
0,"['some', 'all', 'wrong']","[12, 12, 9, 0, 0]",main_trials,4,15,23
1,"['some', 'all', 'right']","[12, 12, 3, 3, 3]",main_trials,12,14,23
1,"['all', 'all', 'right']","[12, 12, 12, 12, 12]",main_trials,2,30,23
1,"['all', 'most', 'right']","[9, 9, 9, 9, 9]",main_trials,8,28,23
0,"['all', 'some', 'right']","[12, 12, 12, 12, 12]",main_trials,2,26,28
0,"['all', 'most', 'wrong']","[3, 3, 3, 0, 0]",main_trials,9,29,28
1,"['most', 'all', 'right']","[12, 12, 12, 3, 3]",main_trials,11,22,28
0,"['all', 'some', 'wrong']","[9, 9, 9, 3, 3]",main_trials,7,27,28
1,"['all', 'some', 'right']","[12, 12, 3, 3, 3]",main_trials,12,26,28
0,"['all', 'some', 'wrong']","[9, 9, 3, 0, 0]",main_trials,19,27,28
0,"['all', 'all', 'wrong']","[0, 0, 0, 0, 0]",main_trials,13,31,28
1,"['all', 'most', 'right']","[12, 12, 12, 9, 9]",main_trials,5,28,28
0,"['none', 'all', 'right']","[9, 9, 9, 9, 9]",main_trials,8,6,28
0,"['most', 'some', 'wrong']","[12, 12, 9, 9, 9]",main_trials,16,19,28
1,"['all', 'some', 'right']","[9, 9, 3, 3, 3]",main_trials,0,26,28
1,"['some', 'all', 'right']","[12, 12, 3, 0, 0]",main_trials,10,14,28
0,"['some', 'most', 'wrong']","[12, 12, 9, 3, 3]",main_trials,15,13,28
1,"['all', 'some', 'right']","[3, 3, 3, 3, 3]",main_trials,14,26,28
1,"['most', 'all', 'right']","[12, 12, 12, 0, 0]",main_trials,6,22,28
0,"['some', 'all', 'wrong']","[12, 12, 9, 0, 0]",main_trials,4,15,28
0,"['all', 'some', 'wrong']","[9, 9, 9, 0, 0]",main_trials,18,27,28
1,"['some', 'some', 'right']","[3, 3, 0, 0, 0]",main_trials,17,10,28
1,"['some', 'all', 'right']","[12, 12, 0, 0, 0]",main_trials,1,14,28
1,"['some', 'most', 'right']","[9, 9, 0, 0, 0]",main_trials,3,12,28
1,"['most', 'most', 'right']","[12, 12, 9, 0, 0]",main_trials,4,20,26
0,"['all', 'most', 'wrong']","[3, 3, 3, 3, 3]",main_trials,14,29,26
1,"['most', 'most', 'right']","[12, 12, 9, 3, 3]",main_trials,15,20,26
1,"['some', 'some', 'right']","[3, 3, 3, 0, 0]",main_trials,9,10,26
0,"['some', 'most', 'wrong']","[9, 9, 9, 3, 3]",main_trials,7,13,26
1,"['some', 'all', 'right']","[12, 12, 0, 0, 0]",main_trials,1,14,26
1,"['some', 'all', 'right']","[12, 12, 3, 3, 3]",main_trials,12,14,26
0,"['some', 'all', 'wrong']","[12, 12, 12, 0, 0]",main_trials,6,15,26
0,"['most', 'most', 'wrong']","[12, 12, 3, 0, 0]",main_trials,10,21,26
0,"['most', 'all', 'wrong']","[3, 3, 0, 0, 0]",main_trials,17,23,26
1,"['all', 'most', 'right']","[9, 9, 9, 9, 9]",main_trials,8,28,26
1,"['some', 'most', 'right']","[9, 9, 3, 0, 0]",main_trials,19,12,26
1,"['most', 'all', 'right']","[12, 12, 12, 3, 3]",main_trials,11,22,26
0,"['some', 'some', 'right']","[12, 12, 12, 12, 12]",main_trials,2,10,26
0,"['most', 'some', 'wrong']","[12, 12, 9, 9, 9]",main_trials,16,19,26
0,"['some', 'some', 'wrong']","[12, 12, 12, 9, 9]",main_trials,5,11,26
1,"['some', 'most', 'right']","[9, 9, 0, 0, 0]",main_trials,3,12,26
0,"['most', 'most', 'wrong']","[9, 9, 3, 3, 3]",main_trials,0,21,26
0,"['some', 'most', 'wrong']","[12, 12, 9, 3, 3]",main_trials,15,13,41
1,"['some', 'all', 'right']","[12, 12, 3, 3, 3]",main_trials,12,14,41
1,"['most', 'all', 'right']","[12, 12, 12, 3, 3]",main_trials,11,22,41
0,"['most', 'most', 'wrong']","[12, 12, 3, 0, 0]",main_trials,10,21,41
0,"['most', 'most', 'wrong']","[3, 3, 3, 3, 3]",main_trials,14,21,41
1,"['most', 'all', 'right']","[12, 12, 12, 0, 0]",main_trials,6,22,41
1,"['most', 'most', 'right']","[12, 12, 9, 9, 9]",main_trials,16,20,41
1,"['some', 'most', 'right']","[9, 9, 0, 0, 0]",main_trials,3,12,41
1,"['most', 'most', 'right']","[9, 9, 9, 9, 9]",main_trials,8,20,41
0,"['some', 'all', 'right']","[12, 12, 12, 12, 12]",main_trials,2,14,41
1,"['most', 'most', 'right']","[12, 12, 9, 0, 0]",main_trials,4,20,41
0,"['most', 'most', 'wrong']","[3, 3, 3, 0, 0]",main_trials,9,21,41
1,"['some', 'most', 'right']","[9, 9, 3, 0, 0]",main_trials,19,12,41
0,"['most', 'all', 'wrong']","[3, 3, 0, 0, 0]",main_trials,17,23,41
1,"['some', 'some', 'wrong']","[0, 0, 0, 0, 0]",main_trials,13,11,41
0,"['most', 'most', 'wrong']","[9, 9, 3, 3, 3]",main_trials,0,21,41
0,"['some', 'all', 'wrong']","[9, 9, 9, 0, 0]",main_trials,18,15,41
1,"['some', 'all', 'right']","[12, 12, 0, 0, 0]",main_trials,1,14,41
0,"['some', 'some', 'wrong']","[12, 12, 12, 9, 9]",main_trials,5,11,41
0,"['all', 'some', 'wrong']","[9, 9, 3, 3, 3]",main_trials,0,27,32
1,"['all', 'most', 'right']","[9, 9, 9, 9, 9]",main_trials,8,28,32
0,"['all', 'most', 'wrong']","[3, 3, 3, 3, 3]",main_trials,14,29,32
1,"['some', 'some', 'right']","[3, 3, 0, 0, 0]",main_trials,17,10,32
1,"['some', 'most', 'right']","[9, 9, 0, 0, 0]",main_trials,3,12,32
0,"['some', 'all', 'wrong']","[12, 12, 12, 0, 0]",main_trials,6,15,32
1,"['some', 'most', 'right']","[12, 12, 9, 0, 0]",main_trials,4,12,32
1,"['all', 'most', 'right']","[12, 12, 12, 9, 9]",main_trials,5,28,32
0,"['most', 'most', 'wrong']","[9, 9, 3, 0, 0]",main_trials,19,21,32
0,"['all', 'most', 'wrong']","[3, 3, 3, 0, 0]",main_trials,9,29,32
1,"['most', 'most', 'right']","[9, 9, 9, 0, 0]",main_trials,18,20,32
0,"['some', 'some', 'wrong']","[12, 12, 9, 9, 9]",main_trials,16,11,32
1,"['some', 'all', 'right']","[12, 12, 0, 0, 0]",main_trials,1,14,32
0,"['all', 'all', 'wrong']","[0, 0, 0, 0, 0]",main_trials,13,31,32
1,"['some', 'all', 'right']","[12, 12, 3, 3, 3]",main_trials,12,14,32
0,"['some', 'all', 'wrong']","[12, 12, 3, 0, 0]",main_trials,10,15,32
1,"['some', 'some', 'right']","[9, 9, 9, 3, 3]",main_trials,7,10,32
0,"['some', 'most', 'wrong']","[12, 12, 12, 3, 3]",main_trials,11,13,32
0,"['some', 'all', 'wrong']","[12, 12, 12, 0, 0]",main_trials,6,15,49
0,"['all', 'most', 'wrong']","[3, 3, 0, 0, 0]",main_trials,17,29,49
1,"['some', 'all', 'right']","[12, 12, 0, 0, 0]",main_trials,1,14,49
0,"['some', 'most', 'wrong']","[12, 12, 9, 3, 3]",main_trials,15,13,49
0,"['most', 'most', 'wrong']","[3, 3, 3, 3, 3]",main_trials,14,21,49
0,"['all', 'all', 'wrong']","[0, 0, 0, 0, 0]",main_trials,13,31,49
1,"['some', 'most', 'right']","[9, 9, 3, 3, 3]",main_trials,0,12,49
1,"['some', 'most', 'right']","[9, 9, 3, 0, 0]",main_trials,19,12,49
1,"['most', 'most', 'right']","[12, 12, 9, 0, 0]",main_trials,4,20,49
1,"['most', 'most', 'right']","[9, 9, 9, 0, 0]",main_trials,18,20,49
1,"['some', 'all', 'right']","[12, 12, 3, 0, 0]",main_trials,10,14,49
0,"['some', 'most', 'wrong']","[12, 12, 12, 3, 3]",main_trials,11,13,49
1,"['all', 'all', 'right']","[12, 12, 12, 12, 12]",main_trials,2,30,49
0,"['some', 'some', 'wrong']","[12, 12, 9, 9, 9]",main_trials,16,11,49
0,"['most', 'all', 'wrong']","[9, 9, 0, 0, 0]",main_trials,3,23,49
1,"['some', 'some', 'right']","[3, 3, 3, 0, 0]",main_trials,9,10,49
1,"['most', 'most', 'right']","[9, 9, 9, 9, 9]",main_trials,8,20,49
0,"['some', 'most', 'wrong']","[12, 12, 3, 3, 3]",main_trials,12,13,49
1,"['most', 'most', 'right']","[9, 9, 9, 3, 3]",main_trials,7,20,49
0,"['some', 'some', 'wrong']","[12, 12, 12, 9, 9]",main_trials,5,11,49
1,"['some', 'all', 'right']","[12, 12, 0, 0, 0]",main_trials,1,14,2
1,"['some', 'all', 'right']","[12, 12, 3, 0, 0]",main_trials,10,14,2
1,"['most', 'most', 'right']","[9, 9, 9, 3, 3]",main_trials,7,20,2
0,"['some', 'some', 'wrong']","[12, 12, 9, 9, 9]",main_trials,16,11,2
1,"['some', 'all', 'wrong']","[0, 0, 0, 0, 0]",main_trials,13,15,2
1,"['some', 'most', 'right']","[9, 9, 3, 0, 0]",main_trials,19,12,2
1,"['most', 'all', 'right']","[12, 12, 12, 9, 9]",main_trials,5,22,2
0,"['most', 'some', 'wrong']","[9, 9, 9, 9, 9]",main_trials,8,19,2
0,"['some', 'most', 'wrong']","[12, 12, 9, 3, 3]",main_trials,15,13,2
0,"['most', 'most', 'right']","[12, 12, 12, 12, 12]",main_trials,2,20,2
0,"['some', 'all', 'wrong']","[12, 12, 9, 0, 0]",main_trials,4,15,2
1,"['some', 'most', 'right']","[9, 9, 3, 3, 3]",main_trials,0,12,2
0,"['all', 'most', 'wrong']","[3, 3, 3, 3, 3]",main_trials,14,29,2
1,"['some', 'all', 'wrong']","[3, 3, 3, 0, 0]",main_trials,9,15,2
0,"['some', 'most', 'wrong']","[12, 12, 3, 3, 3]",main_trials,12,13,2
1,"['some', 'some', 'right']","[3, 3, 0, 0, 0]",main_trials,17,10,2
0,"['some', 'most', 'right']","[9, 9, 9, 0, 0]",main_trials,18,12,2
0,"['some', 'all', 'wrong']","[12, 12, 12, 0, 0]",main_trials,6,15,2
0,"['some', 'most', 'wrong']","[12, 12, 12, 3, 3]",main_trials,11,13,2
0,"['some', 'most', 'wrong']","[12, 12, 9, 3, 3]",main_trials,15,13,15
1,"['all', 'all', 'right']","[12, 12, 12, 12, 12]",main_trials,2,30,15
1,"['some', 'all', 'right']","[12, 12, 3, 3, 3]",main_trials,12,14,15
0,"['some', 'all', 'wrong']","[12, 12, 9, 0, 0]",main_trials,4,15,15
0,"['all', 'all', 'wrong']","[0, 0, 0, 0, 0]",main_trials,13,31,15
1,"['most', 'most', 'right']","[9, 9, 9, 0, 0]",main_trials,18,20,15
1,"['most', 'all', 'right']","[12, 12, 12, 3, 3]",main_trials,11,22,15
1,"['most', 'most', 'right']","[9, 9, 9, 3, 3]",main_trials,7,20,15
1,"['all', 'most', 'right']","[12, 12, 9, 9, 9]",main_trials,16,28,15
0,"['most', 'most', 'wrong']","[9, 9, 3, 3, 3]",main_trials,0,21,15
0,"['most', 'all', 'wrong']","[9, 9, 0, 0, 0]",main_trials,3,23,15
1,"['most', 'all', 'right']","[12, 12, 12, 0, 0]",main_trials,6,22,15
0,"['most', 'all', 'wrong']","[12, 12, 0, 0, 0]",main_trials,1,23,15
1,"['some', 'most', 'right']","[9, 9, 3, 0, 0]",main_trials,19,12,15
0,"['all', 'most', 'wrong']","[3, 3, 3, 3, 3]",main_trials,14,29,15
0,"['all', 'most', 'wrong']","[3, 3, 3, 0, 0]",main_trials,9,29,15
1,"['some', 'all', 'right']","[12, 12, 3, 0, 0]",main_trials,10,14,15
0,"['some', 'some', 'wrong']","[12, 12, 12, 9, 9]",main_trials,5,11,15
0,"['none', 'all', 'right']","[9, 9, 9, 9, 9]",main_trials,8,6,15
1,"['all', 'most', 'right']","[9, 9, 9, 9, 9]",main_trials,8,28,34
1,"['some', 'all', 'right']","[12, 12, 3, 0, 0]",main_trials,10,14,34
0,"['some', 'most', 'wrong']","[12, 12, 12, 3, 3]",main_trials,11,13,34
0,"['most', 'all', 'wrong']","[3, 3, 0, 0, 0]",main_trials,17,23,34
0,"['some', 'all', 'wrong']","[12, 12, 9, 0, 0]",main_trials,4,15,34
1,"['some', 'all', 'wrong']","[3, 3, 3, 0, 0]",main_trials,9,15,34
0,"['some', 'all', 'wrong']","[9, 9, 3, 0, 0]",main_trials,19,15,34
0,"['some', 'all', 'wrong']","[9, 9, 9, 0, 0]",main_trials,18,15,34
1,"['all', 'all', 'right']","[12, 12, 12, 12, 12]",main_trials,2,30,34
1,"['some', 'all', 'right']","[12, 12, 0, 0, 0]",main_trials,1,14,34
1,"['all', 'some', 'right']","[3, 3, 3, 3, 3]",main_trials,14,26,34
0,"['some', 'most', 'wrong']","[12, 12, 3, 3, 3]",main_trials,12,13,34
0,"['most', 'all', 'wrong']","[9, 9, 0, 0, 0]",main_trials,3,23,34
0,"['some', 'most', 'wrong']","[9, 9, 9, 3, 3]",main_trials,7,13,34
1,"['all', 'most', 'right']","[12, 12, 12, 9, 9]",main_trials,5,28,34
1,"['most', 'most', 'right']","[12, 12, 9, 3, 3]",main_trials,15,20,34
0,"['some', 'most', 'wrong']","[9, 9, 3, 3, 3]",main_trials,0,13,34
1,"['most', 'all', 'right']","[12, 12, 12, 0, 0]",main_trials,6,22,34
1,"['most', 'most', 'right']","[12, 12, 9, 9, 9]",main_trials,16,20,34
0,"['all', 'all', 'wrong']","[0, 0, 0, 0, 0]",main_trials,13,31,34
0,"['most', 'all', 'right']","[12, 12, 12, 12, 12]",main_trials,2,22,3
1,"['most', 'most', 'right']","[12, 12, 9, 0, 0]",main_trials,4,20,3
0,"['all', 'most', 'right']","[12, 12, 9, 9, 9]",main_trials,16,28,3
0,"['all', 'some', 'wrong']","[3, 3, 0, 0, 0]",main_trials,17,27,3
1,"['most', 'some', 'right']","[3, 3, 3, 0, 0]",main_trials,9,18,3
0,"['some', 'all', 'wrong']","[12, 12, 12, 0, 0]",main_trials,6,15,3
1,"['all', 'some', 'right']","[9, 9, 3, 3, 3]",main_trials,0,26,3
1,"['some', 'most', 'right']","[9, 9, 9, 3, 3]",main_trials,7,12,3
1,"['all', 'most', 'right']","[9, 9, 9, 9, 9]",main_trials,8,28,3
0,"['some', 'most', 'wrong']","[12, 12, 12, 3, 3]",main_trials,11,13,3
0,"['some', 'some', 'wrong']","[12, 12, 12, 9, 9]",main_trials,5,11,3
0,"['some', 'none', 'right']","[9, 9, 9, 0, 0]",main_trials,18,8,3
0,"['all', 'some', 'wrong']","[9, 9, 3, 0, 0]",main_trials,19,27,3
1,"['some', 'all', 'right']","[12, 12, 3, 3, 3]",main_trials,12,14,3
0,"['most', 'all', 'wrong']","[9, 9, 0, 0, 0]",main_trials,3,23,3
1,"['all', 'some', 'right']","[3, 3, 3, 3, 3]",main_trials,14,26,3
0,"['most', 'all', 'wrong']","[12, 12, 0, 0, 0]",main_trials,1,23,3
1,"['most', 'most', 'right']","[12, 12, 9, 3, 3]",main_trials,15,20,3
1,"['some', 'all', 'right']","[12, 12, 3, 0, 0]",main_trials,10,14,3
0,"['most', 'none', 'right']","[12, 12, 0, 0, 0]",main_trials,1,16,55
0,"['none', 'all', 'right']","[9, 9, 9, 3, 3]",main_trials,7,6,55
1,"['some', 'most', 'right']","[9, 9, 0, 0, 0]",main_trials,3,12,55
1,"['none', 'all', 'wrong']","[12, 12, 3, 3, 3]",main_trials,12,7,55
0,"['none', 'all', 'right']","[3, 3, 3, 0, 0]",main_trials,9,6,55
1,"['all', 'all', 'right']","[12, 12, 12, 12, 12]",main_trials,2,30,55
1,"['most', 'all', 'right']","[12, 12, 12, 0, 0]",main_trials,6,22,55
0,"['most', 'most', 'wrong']","[9, 9, 3, 3, 3]",main_trials,0,21,55
1,"['all', 'some', 'wrong']","[0, 0, 0, 0, 0]",main_trials,13,27,55
1,"['most', 'most', 'right']","[12, 12, 9, 0, 0]",main_trials,4,20,55
0,"['most', 'most', 'wrong']","[12, 12, 3, 0, 0]",main_trials,10,21,55
1,"['most', 'most', 'right']","[9, 9, 9, 9, 9]",main_trials,8,20,55
1,"['most', 'all', 'right']","[12, 12, 12, 3, 3]",main_trials,11,22,55
0,"['most', 'most', 'wrong']","[9, 9, 3, 0, 0]",main_trials,19,21,55
0,"['most', 'all', 'right']","[12, 12, 12, 9, 9]",main_trials,5,22,55
1,"['all', 'most', 'right']","[12, 12, 9, 9, 9]",main_trials,16,28,55
0,"['most', 'most', 'right']","[12, 12, 9, 3, 3]",main_trials,15,20,55
1,"['most', 'most', 'right']","[12, 12, 9, 3, 3]",main_trials,15,20,52
0,"['some', 'all', 'wrong']","[12, 12, 9, 0, 0]",main_trials,4,15,52
1,"['all', 'all', 'right']","[12, 12, 12, 12, 12]",main_trials,2,30,52
0,"['most', 'all', 'wrong']","[3, 3, 0, 0, 0]",main_trials,17,23,52
1,"['some', 'most', 'right']","[9, 9, 0, 0, 0]",main_trials,3,12,52
0,"['all', 'all', 'wrong']","[0, 0, 0, 0, 0]",main_trials,13,31,52
0,"['some', 'all', 'right']","[12, 12, 0, 0, 0]",main_trials,1,14,52
1,"['most', 'most', 'right']","[9, 9, 9, 0, 0]",main_trials,18,20,52
1,"['some', 'most', 'right']","[9, 9, 3, 0, 0]",main_trials,19,12,52
1,"['some', 'all', 'right']","[12, 12, 3, 3, 3]",main_trials,12,14,52
1,"['some', 'some', 'right']","[3, 3, 3, 0, 0]",main_trials,9,10,52
0,"['all', 'most', 'wrong']","[3, 3, 3, 3, 3]",main_trials,14,29,52
0,"['most', 'some', 'wrong']","[12, 12, 9, 9, 9]",main_trials,16,19,52
1,"['most', 'all', 'right']","[12, 12, 12, 3, 3]",main_trials,11,22,52
0,"['some', 'all', 'wrong']","[12, 12, 3, 0, 0]",main_trials,10,15,52
1,"['most', 'all', 'right']","[12, 12, 12, 0, 0]",main_trials,6,22,52
0,"['all', 'some', 'wrong']","[9, 9, 9, 9, 9]",main_trials,8,27,52
0,"['some', 'some', 'wrong']","[12, 12, 12, 9, 9]",main_trials,5,11,52
1,"['most', 'most', 'right']","[9, 9, 9, 3, 3]",main_trials,7,20,52
0,"['most', 'most', 'wrong']","[9, 9, 3, 3, 3]",main_trials,0,21,52
1,"['some', 'all', 'right']","[12, 12, 3, 0, 0]",main_trials,10,14,9
1,"['most', 'most', 'wrong']","[3, 3, 3, 0, 0]",main_trials,9,21,9
0,"['some', 'some', 'right']","[12, 12, 12, 12, 12]",main_trials,2,10,9
1,"['some', 'most', 'right']","[9, 9, 3, 0, 0]",main_trials,19,12,9
1,"['most', 'most', 'right']","[9, 9, 9, 3, 3]",main_trials,7,20,9
0,"['some', 'some', 'wrong']","[12, 12, 12, 9, 9]",main_trials,5,11,9
0,"['all', 'all', 'wrong']","[0, 0, 0, 0, 0]",main_trials,13,31,9
0,"['most', 'most', 'right']","[12, 12, 9, 0, 0]",main_trials,4,20,9
1,"['all', 'most', 'right']","[9, 9, 9, 9, 9]",main_trials,8,28,9
0,"['most', 'all', 'wrong']","[12, 12, 0, 0, 0]",main_trials,1,23,9
0,"['some', 'most', 'wrong']","[12, 12, 12, 3, 3]",main_trials,11,13,9
0,"['all', 'most', 'wrong']","[3, 3, 3, 3, 3]",main_trials,14,29,9
1,"['some', 'all', 'right']","[12, 12, 3, 3, 3]",main_trials,12,14,9
0,"['some', 'most', 'wrong']","[12, 12, 9, 3, 3]",main_trials,15,13,9
0,"['most', 'most', 'wrong']","[9, 9, 3, 3, 3]",main_trials,0,21,9
1,"['some', 'some', 'right']","[3, 3, 0, 0, 0]",main_trials,17,10,9
0,"['most', 'all', 'wrong']","[9, 9, 0, 0, 0]",main_trials,3,23,9
1,"['all', 'most', 'right']","[12, 12, 9, 9, 9]",main_trials,16,28,9
1,"['most', 'most', 'right']","[9, 9, 9, 0, 0]",main_trials,18,20,9
1,"['most', 'all', 'right']","[12, 12, 12, 0, 0]",main_trials,6,22,9
0,"['some', 'all', 'wrong']","[12, 12, 12, 0, 0]",main_trials,6,15,12
1,"['some', 'all', 'right']","[12, 12, 3, 3, 3]",main_trials,12,14,12
1,"['some', 'all', 'right']","[12, 12, 0, 0, 0]",main_trials,1,14,12
1,"['most', 'most', 'right']","[12, 12, 9, 0, 0]",main_trials,4,20,12
1,"['some', 'all', 'right']","[12, 12, 3, 0, 0]",main_trials,10,14,12
0,"['all', 'some', 'wrong']","[9, 9, 3, 3, 3]",main_trials,0,27,12
0,"['none', 'some', 'wrong']","[12, 12, 12, 12, 12]",main_trials,2,3,12
1,"['some', 'some', 'right']","[3, 3, 0, 0, 0]",main_trials,17,10,12
0,"['all', 'all', 'wrong']","[0, 0, 0, 0, 0]",main_trials,13,31,12
0,"['some', 'most', 'wrong']","[12, 12, 12, 3, 3]",main_trials,11,13,12
0,"['most', 'most', 'wrong']","[3, 3, 3, 3, 3]",main_trials,14,21,12
1,"['some', 'some', 'right']","[3, 3, 3, 0, 0]",main_trials,9,10,12
0,"['all', 'some', 'wrong']","[9, 9, 3, 0, 0]",main_trials,19,27,12
0,"['some', 'all', 'wrong']","[9, 9, 9, 0, 0]",main_trials,18,15,12
0,"['most', 'some', 'wrong']","[12, 12, 9, 9, 9]",main_trials,16,19,12
1,"['some', 'most', 'right']","[9, 9, 0, 0, 0]",main_trials,3,12,12
1,"['most', 'most', 'right']","[9, 9, 9, 3, 3]",main_trials,7,20,12
1,"['most', 'most', 'right']","[12, 12, 9, 3, 3]",main_trials,15,20,12
1,"['most', 'most', 'right']","[9, 9, 9, 9, 9]",main_trials,8,20,12
0,"['some', 'some', 'wrong']","[12, 12, 12, 9, 9]",main_trials,5,11,12
1,"['all', 'most', 'right']","[9, 9, 9, 9, 9]",main_trials,8,28,42
0,"['most', 'some', 'wrong']","[12, 12, 9, 3, 3]",main_trials,15,19,42
0,"['some', 'some', 'wrong']","[12, 12, 12, 3, 3]",main_trials,11,11,42
0,"['some', 'some', 'wrong']","[12, 12, 9, 9, 9]",main_trials,16,11,42
0,"['all', 'most', 'wrong']","[3, 3, 3, 3, 3]",main_trials,14,29,42
1,"['some', 'all', 'right']","[12, 12, 3, 0, 0]",main_trials,10,14,42
1,"['most', 'most', 'right']","[12, 12, 9, 0, 0]",main_trials,4,20,42
0,"['most', 'all', 'wrong']","[3, 3, 0, 0, 0]",main_trials,17,23,42
0,"['some', 'some', 'right']","[12, 12, 12, 12, 12]",main_trials,2,10,42
0,"['most', 'some', 'wrong']","[9, 9, 9, 3, 3]",main_trials,7,19,42
1,"['some', 'most', 'right']","[9, 9, 9, 0, 0]",main_trials,18,12,42
1,"['most', 'all', 'right']","[12, 12, 12, 9, 9]",main_trials,5,22,42
1,"['most', 'all', 'right']","[12, 12, 12, 0, 0]",main_trials,6,22,42
1,"['some', 'most', 'right']","[9, 9, 3, 0, 0]",main_trials,19,12,42
0,"['some', 'most', 'wrong']","[12, 12, 3, 3, 3]",main_trials,12,13,42
1,"['some', 'all', 'right']","[12, 12, 0, 0, 0]",main_trials,1,14,42
0,"['some', 'most', 'wrong']","[9, 9, 0, 0, 0]",main_trials,3,13,42
1,"['some', 'some', 'right']","[3, 3, 3, 0, 0]",main_trials,9,10,42
0,"['most', 'most', 'wrong']","[9, 9, 3, 3, 3]",main_trials,0,21,42
1,"['some', 'none', 'right']","[0, 0, 0, 0, 0]",main_trials,13,8,42
