condition,response,row_number,index_observation,index_utterance,id
0,"['most', 'most', 'wrong']","[9, 9, 3, 3, 3]",0,21,64
1,"['all', 'all', 'right']","[12, 12, 12, 12, 12]",1,30,64
1,"['most', 'some', 'right']","[9, 9, 9, 0, 0]",2,18,64
0,"['all', 'some', 'wrong']","[9, 9, 9, 9, 9]",3,27,64
0,"['most', 'most', 'wrong']","[12, 12, 0, 0, 0]",4,21,64
1,"['most', 'some', 'right']","[12, 12, 9, 0, 0]",5,18,64
1,"['all', 'most', 'right']","[12, 12, 9, 9, 9]",6,28,64
1,"['all', 'some', 'right']","[3, 3, 3, 3, 3]",7,26,64
0,"['some', 'some', 'wrong']","[12, 12, 12, 3, 3]",8,11,64
1,"['most', 'most', 'right']","[12, 12, 9, 3, 3]",9,20,64
0,"['some', 'some', 'wrong']","[12, 12, 3, 3, 3]",10,11,64
1,"['some', 'some', 'right']","[12, 12, 3, 0, 0]",11,10,64
0,"['all', 'most', 'wrong']","[3, 3, 0, 0, 0]",12,29,64
0,"['some', 'some', 'wrong']","[9, 9, 9, 3, 3]",13,11,64
0,"['most', 'most', 'wrong']","[9, 9, 0, 0, 0]",14,21,64
1,"['all', 'none', 'right']","[0, 0, 0, 0, 0]",15,24,64
1,"['all', 'most', 'right']","[12, 12, 12, 9, 9]",16,28,64
0,"['some', 'most', 'wrong']","[9, 9, 3, 0, 0]",17,13,64
1,"['most', 'most', 'right']","[12, 12, 12, 0, 0]",18,20,64
0,"['all', 'most', 'wrong']","[3, 3, 3, 0, 0]",19,29,64
0,"['most', 'none', 'right']","[9, 9, 0, 0, 0]",14,16,42
1,"['none', 'all', 'right']","[0, 0, 0, 0, 0]",15,6,42
1,"['all', 'some', 'right']","[3, 3, 3, 3, 3]",7,26,42
1,"['some', 'most', 'right']","[9, 9, 3, 0, 0]",17,12,42
0,"['some', 'none', 'right']","[9, 9, 9, 0, 0]",2,8,42
1,"['some', 'all', 'right']","[12, 12, 3, 0, 0]",11,14,42
1,"['all', 'most', 'right']","[12, 12, 12, 9, 9]",16,28,42
1,"['some', 'all', 'right']","[12, 12, 9, 0, 0]",5,14,42
0,"['most', 'all', 'right']","[12, 12, 12, 12, 12]",1,22,42
0,"['most', 'most', 'wrong']","[3, 3, 0, 0, 0]",12,21,42
0,"['none', 'all', 'right']","[9, 9, 9, 3, 3]",13,6,42
1,"['some', 'all', 'right']","[12, 12, 0, 0, 0]",4,14,42
0,"['none', 'all', 'right']","[9, 9, 3, 3, 3]",0,6,42
0,"['some', 'most', 'wrong']","[12, 12, 9, 3, 3]",9,13,42
0,"['most', 'most', 'wrong']","[12, 12, 3, 3, 3]",10,21,42
0,"['some', 'none', 'right']","[12, 12, 12, 0, 0]",18,8,42
0,"['most', 'most', 'wrong']","[3, 3, 3, 0, 0]",19,21,42
1,"['most', 'all', 'right']","[12, 12, 12, 3, 3]",8,22,42
1,"['all', 'most', 'right']","[9, 9, 9, 9, 9]",3,28,42
1,"['most', 'all', 'right']","[12, 12, 12, 0, 0]",18,22,75
0,"['most', 'some', 'wrong']","[12, 12, 9, 9, 9]",6,19,75
1,"['some', 'all', 'right']","[12, 12, 0, 0, 0]",4,14,75
0,"['some', 'some', 'wrong']","[12, 12, 12, 9, 9]",16,11,75
1,"['all', 'all', 'right']","[12, 12, 12, 12, 12]",1,30,75
1,"['some', 'all', 'right']","[12, 12, 9, 3, 3]",9,14,75
1,"['most', 'most', 'right']","[9, 9, 9, 0, 0]",2,20,75
1,"['some', 'all', 'right']","[12, 12, 9, 0, 0]",5,14,75
1,"['some', 'some', 'wrong']","[0, 0, 0, 0, 0]",15,11,75
0,"['some', 'all', 'wrong']","[12, 12, 3, 0, 0]",11,15,75
0,"['all', 'most', 'wrong']","[3, 3, 3, 3, 3]",7,29,75
0,"['most', 'all', 'wrong']","[3, 3, 0, 0, 0]",12,23,75
0,"['most', 'most', 'wrong']","[9, 9, 3, 0, 0]",17,21,75
1,"['all', 'some', 'right']","[9, 9, 3, 3, 3]",0,26,75
0,"['all', 'most', 'wrong']","[3, 3, 3, 0, 0]",19,29,75
0,"['most', 'most', 'wrong']","[12, 12, 3, 3, 3]",10,21,75
0,"['some', 'most', 'wrong']","[12, 12, 12, 3, 3]",8,13,75
1,"['all', 'most', 'right']","[9, 9, 9, 9, 9]",3,28,75
1,"['some', 'most', 'right']","[9, 9, 0, 0, 0]",14,12,75
0,"['none', 'all', 'right']","[9, 9, 9, 3, 3]",13,6,75
1,"['some', 'most', 'right']","[9, 9, 9, 3, 3]",13,12,61
0,"['most', 'most', 'wrong']","[3, 3, 0, 0, 0]",12,21,61
1,"['most', 'all', 'right']","[12, 12, 12, 3, 3]",8,22,61
1,"['some', 'some', 'right']","[3, 3, 3, 0, 0]",19,10,61
0,"['some', 'most', 'wrong']","[12, 12, 9, 3, 3]",9,13,61
1,"['some', 'none', 'right']","[0, 0, 0, 0, 0]",15,8,61
1,"['most', 'all', 'right']","[12, 12, 12, 9, 9]",16,22,61
1,"['some', 'most', 'right']","[9, 9, 3, 0, 0]",17,12,61
0,"['some', 'all', 'wrong']","[12, 12, 9, 0, 0]",5,15,61
1,"['all', 'all', 'right']","[12, 12, 12, 12, 12]",1,30,61
0,"['most', 'most', 'wrong']","[3, 3, 3, 3, 3]",7,21,61
0,"['some', 'all', 'wrong']","[12, 12, 12, 0, 0]",18,15,61
0,"['most', 'most', 'wrong']","[12, 12, 3, 3, 3]",10,21,61
1,"['most', 'most', 'right']","[12, 12, 9, 9, 9]",6,20,61
0,"['most', 'all', 'wrong']","[12, 12, 0, 0, 0]",4,23,61
0,"['some', 'all', 'wrong']","[12, 12, 3, 0, 0]",11,15,61
1,"['most', 'most', 'right']","[9, 9, 9, 0, 0]",2,20,61
0,"['all', 'some', 'wrong']","[9, 9, 9, 9, 9]",3,27,61
0,"['most', 'most', 'wrong']","[9, 9, 3, 3, 3]",0,21,61
1,"['some', 'most', 'right']","[9, 9, 0, 0, 0]",14,12,61
0,"['none', 'all', 'right']","[9, 9, 3, 0, 0]",17,6,0
0,"['none', 'all', 'right']","[9, 9, 9, 9, 9]",3,6,0
1,"['some', 'all', 'right']","[12, 12, 3, 0, 0]",11,14,0
1,"['most', 'most', 'right']","[12, 12, 9, 3, 3]",9,20,0
1,"['some', 'most', 'right']","[9, 9, 0, 0, 0]",14,12,0
1,"['most', 'some', 'right']","[3, 3, 3, 0, 0]",19,18,0
1,"['most', 'most', 'right']","[9, 9, 9, 3, 3]",13,20,0
0,"['most', 'most', 'wrong']","[12, 12, 3, 3, 3]",10,21,0
0,"['most', 'all', 'wrong']","[3, 3, 0, 0, 0]",12,23,0
1,"['some', 'most', 'right']","[9, 9, 3, 3, 3]",0,12,0
0,"['some', 'some', 'right']","[12, 12, 12, 12, 12]",1,10,0
0,"['some', 'all', 'wrong']","[12, 12, 9, 0, 0]",5,15,0
0,"['all', 'all', 'wrong']","[0, 0, 0, 0, 0]",15,31,0
1,"['most', 'all', 'right']","[12, 12, 12, 0, 0]",18,22,0
1,"['all', 'some', 'right']","[3, 3, 3, 3, 3]",7,26,0
1,"['most', 'all', 'right']","[12, 12, 12, 3, 3]",8,22,0
1,"['most', 'most', 'right']","[12, 12, 9, 9, 9]",6,20,0
0,"['some', 'none', 'right']","[9, 9, 9, 0, 0]",2,8,0
0,"['most', 'all', 'wrong']","[12, 12, 0, 0, 0]",4,23,0
0,"['some', 'some', 'wrong']","[12, 12, 12, 9, 9]",16,11,0
1,"['most', 'most', 'right']","[12, 12, 9, 9, 9]",6,20,60
0,"['most', 'some', 'wrong']","[12, 12, 3, 0, 0]",11,19,60
0,"['some', 'most', 'wrong']","[12, 12, 9, 3, 3]",9,13,60
1,"['some', 'some', 'right']","[9, 9, 0, 0, 0]",14,10,60
1,"['most', 'some', 'right']","[9, 9, 3, 0, 0]",17,18,60
1,"['all', 'most', 'right']","[12, 12, 12, 9, 9]",16,28,60
1,"['all', 'most', 'right']","[9, 9, 9, 9, 9]",3,28,60
1,"['most', 'some', 'right']","[3, 3, 3, 0, 0]",19,18,60
0,"['some', 'none', 'right']","[12, 12, 9, 0, 0]",5,8,60
0,"['most', 'none', 'right']","[3, 3, 0, 0, 0]",12,16,60
1,"['all', 'some', 'right']","[9, 9, 3, 3, 3]",0,26,60
0,"['all', 'some', 'wrong']","[9, 9, 9, 3, 3]",13,27,60
0,"['none', 'all', 'right']","[9, 9, 9, 0, 0]",2,6,60
0,"['most', 'some', 'wrong']","[12, 12, 3, 3, 3]",10,19,60
1,"['most', 'all', 'right']","[12, 12, 12, 0, 0]",18,22,60
0,"['most', 'all', 'wrong']","[12, 12, 0, 0, 0]",4,23,60
0,"['some', 'some', 'right']","[12, 12, 12, 12, 12]",1,10,60
1,"['most', 'all', 'right']","[12, 12, 12, 3, 3]",8,22,60
1,"['some', 'some', 'wrong']","[0, 0, 0, 0, 0]",15,11,60
0,"['all', 'most', 'wrong']","[3, 3, 3, 3, 3]",7,29,60
1,"['some', 'some', 'right']","[3, 3, 0, 0, 0]",12,10,71
1,"['some', 'all', 'right']","[12, 12, 0, 0, 0]",4,14,71
1,"['all', 'all', 'right']","[12, 12, 12, 12, 12]",1,30,71
0,"['none', 'all', 'right']","[9, 9, 9, 9, 9]",3,6,71
0,"['some', 'most', 'wrong']","[12, 12, 12, 3, 3]",8,13,71
0,"['some', 'none', 'right']","[12, 12, 9, 0, 0]",5,8,71
1,"['none', 'all', 'wrong']","[12, 12, 9, 3, 3]",9,7,71
0,"['none', 'all', 'right']","[9, 9, 9, 3, 3]",13,6,71
1,"['most', 'most', 'right']","[9, 9, 9, 0, 0]",2,20,71
1,"['most', 'all', 'right']","[12, 12, 12, 9, 9]",16,22,71
0,"['some', 'all', 'wrong']","[3, 3, 3, 0, 0]",19,15,71
0,"['most', 'most', 'wrong']","[12, 12, 3, 3, 3]",10,21,71
0,"['all', 'none', 'right']","[0, 0, 0, 0, 0]",15,24,71
0,"['most', 'some', 'right']","[12, 12, 9, 9, 9]",6,18,71
1,"['some', 'all', 'right']","[12, 12, 3, 0, 0]",11,14,71
1,"['some', 'most', 'right']","[9, 9, 0, 0, 0]",14,12,71
0,"['none', 'most', 'right']","[3, 3, 3, 3, 3]",7,4,71
1,"['most', 'all', 'right']","[12, 12, 12, 0, 0]",18,22,71
0,"['most', 'most', 'wrong']","[9, 9, 3, 3, 3]",0,21,71
1,"['some', 'most', 'right']","[9, 9, 3, 0, 0]",17,12,71
0,"['some', 'all', 'right']","[12, 12, 3, 3, 3]",10,14,54
1,"['most', 'all', 'right']","[12, 12, 12, 0, 0]",18,22,54
1,"['most', 'all', 'right']","[12, 12, 12, 9, 9]",16,22,54
0,"['none', 'all', 'right']","[9, 9, 9, 9, 9]",3,6,54
1,"['some', 'most', 'right']","[9, 9, 3, 3, 3]",0,12,54
1,"['most', 'most', 'right']","[9, 9, 9, 3, 3]",13,20,54
1,"['some', 'all', 'right']","[12, 12, 0, 0, 0]",4,14,54
1,"['some', 'some', 'right']","[9, 9, 0, 0, 0]",14,10,54
0,"['some', 'none', 'right']","[9, 9, 9, 0, 0]",2,8,54
0,"['most', 'some', 'right']","[12, 12, 9, 3, 3]",9,18,54
0,"['all', 'all', 'right']","[12, 12, 12, 12, 12]",1,30,54
1,"['most', 'all', 'right']","[12, 12, 12, 3, 3]",8,22,54
1,"['some', 'some', 'right']","[9, 9, 3, 0, 0]",17,10,54
0,"['some', 'all', 'wrong']","[3, 3, 3, 0, 0]",19,15,54
0,"['some', 'all', 'wrong']","[12, 12, 3, 0, 0]",11,15,54
1,"['some', 'some', 'right']","[3, 3, 0, 0, 0]",12,10,54
0,"['some', 'all', 'right']","[12, 12, 9, 0, 0]",5,14,54
0,"['none', 'most', 'right']","[3, 3, 3, 3, 3]",7,4,54
1,"['some', 'all', 'right']","[12, 12, 9, 9, 9]",6,14,54
1,"['most', 'most', 'right']","[12, 12, 9, 0, 0]",5,20,56
1,"['most', 'most', 'right']","[9, 9, 9, 3, 3]",13,20,56
0,"['some', 'some', 'wrong']","[12, 12, 9, 9, 9]",6,11,56
1,"['some', 'most', 'right']","[9, 9, 3, 0, 0]",17,12,56
0,"['some', 'most', 'right']","[9, 9, 3, 3, 3]",0,12,56
1,"['most', 'all', 'right']","[12, 12, 12, 3, 3]",8,22,56
0,"['some', 'all', 'wrong']","[3, 3, 3, 0, 0]",19,15,56
1,"['all', 'none', 'wrong']","[12, 12, 12, 12, 12]",1,25,56
0,"['most', 'most', 'wrong']","[12, 12, 3, 3, 3]",10,21,56
0,"['some', 'all', 'wrong']","[9, 9, 9, 0, 0]",2,15,56
0,"['all', 'none', 'right']","[0, 0, 0, 0, 0]",15,24,56
0,"['some', 'all', 'right']","[12, 12, 9, 3, 3]",9,14,56
1,"['all', 'most', 'wrong']","[3, 3, 3, 3, 3]",7,29,56
1,"['most', 'all', 'wrong']","[3, 3, 0, 0, 0]",12,23,56
1,"['some', 'none', 'wrong']","[12, 12, 3, 0, 0]",11,9,56
1,"['some', 'most', 'right']","[9, 9, 0, 0, 0]",14,12,56
0,"['some', 'none', 'right']","[12, 12, 12, 0, 0]",18,8,56
0,"['some', 'some', 'wrong']","[12, 12, 12, 9, 9]",16,11,56
0,"['most', 'none', 'right']","[12, 12, 0, 0, 0]",4,16,56
1,"['all', 'most', 'right']","[9, 9, 9, 9, 9]",3,28,56
1,"['some', 'all', 'right']","[12, 12, 9, 0, 0]",5,14,57
1,"['all', 'most', 'right']","[9, 9, 9, 9, 9]",3,28,57
0,"['all', 'most', 'wrong']","[3, 3, 3, 3, 3]",7,29,57
1,"['some', 'some', 'right']","[3, 3, 3, 0, 0]",19,10,57
0,"['some', 'all', 'wrong']","[9, 9, 0, 0, 0]",14,15,57
0,"['some', 'all', 'wrong']","[9, 9, 3, 0, 0]",17,15,57
1,"['most', 'all', 'right']","[12, 12, 12, 0, 0]",18,22,57
1,"['some', 'all', 'right']","[12, 12, 0, 0, 0]",4,14,57
1,"['all', 'some', 'right']","[12, 12, 3, 3, 3]",10,26,57
1,"['most', 'none', 'right']","[0, 0, 0, 0, 0]",15,16,57
1,"['some', 'all', 'right']","[12, 12, 3, 0, 0]",11,14,57
1,"['all', 'some', 'right']","[12, 12, 12, 3, 3]",8,26,57
1,"['most', 'most', 'right']","[9, 9, 9, 0, 0]",2,20,57
0,"['some', 'some', 'wrong']","[12, 12, 12, 9, 9]",16,11,57
0,"['most', 'some', 'wrong']","[12, 12, 9, 9, 9]",6,19,57
0,"['some', 'most', 'wrong']","[12, 12, 9, 3, 3]",9,13,57
0,"['some', 'all', 'wrong']","[3, 3, 0, 0, 0]",12,15,57
0,"['all', 'some', 'wrong']","[9, 9, 9, 3, 3]",13,27,57
0,"['none', 'all', 'right']","[9, 9, 9, 9, 9]",3,6,38
1,"['some', 'all', 'right']","[12, 12, 0, 0, 0]",4,14,38
0,"['most', 'all', 'wrong']","[3, 3, 0, 0, 0]",12,23,38
0,"['some', 'some', 'right']","[12, 12, 12, 12, 12]",1,10,38
1,"['most', 'most', 'right']","[9, 9, 9, 3, 3]",13,20,38
1,"['some', 'all', 'right']","[12, 12, 3, 3, 3]",10,14,38
0,"['most', 'some', 'wrong']","[12, 12, 9, 9, 9]",6,19,38
0,"['some', 'most', 'wrong']","[12, 12, 12, 3, 3]",8,13,38
0,"['most', 'most', 'wrong']","[3, 3, 3, 3, 3]",7,21,38
0,"['some', 'all', 'wrong']","[12, 12, 9, 0, 0]",5,15,38
1,"['most', 'most', 'right']","[9, 9, 9, 0, 0]",2,20,38
1,"['most', 'some', 'right']","[3, 3, 3, 0, 0]",19,18,38
1,"['most', 'all', 'right']","[12, 12, 12, 9, 9]",16,22,38
1,"['most', 'all', 'right']","[12, 12, 12, 0, 0]",18,22,38
1,"['some', 'most', 'right']","[9, 9, 0, 0, 0]",14,12,38
0,"['all', 'all', 'wrong']","[0, 0, 0, 0, 0]",15,31,38
0,"['some', 'all', 'wrong']","[9, 9, 3, 0, 0]",17,15,38
0,"['most', 'most', 'wrong']","[9, 9, 3, 3, 3]",0,21,38
1,"['some', 'all', 'right']","[12, 12, 9, 3, 3]",9,14,38
1,"['some', 'all', 'right']","[12, 12, 3, 0, 0]",11,14,38
1,"['most', 'some', 'right']","[3, 3, 3, 0, 0]",19,18,5
0,"['most', 'most', 'wrong']","[12, 12, 3, 3, 3]",10,21,5
0,"['some', 'all', 'wrong']","[12, 12, 9, 0, 0]",5,15,5
0,"['all', 'all', 'wrong']","[0, 0, 0, 0, 0]",15,31,5
0,"['some', 'all', 'wrong']","[9, 9, 3, 0, 0]",17,15,5
0,"['all', 'most', 'wrong']","[3, 3, 3, 3, 3]",7,29,5
1,"['some', 'most', 'right']","[9, 9, 0, 0, 0]",14,12,5
1,"['most', 'all', 'right']","[12, 12, 12, 9, 9]",16,22,5
1,"['all', 'all', 'right']","[12, 12, 12, 12, 12]",1,30,5
1,"['most', 'most', 'right']","[12, 12, 9, 3, 3]",9,20,5
1,"['most', 'most', 'right']","[9, 9, 9, 3, 3]",13,20,5
1,"['some', 'most', 'right']","[9, 9, 3, 3, 3]",0,12,5
0,"['some', 'all', 'wrong']","[9, 9, 9, 0, 0]",2,15,5
0,"['all', 'some', 'wrong']","[9, 9, 9, 9, 9]",3,27,5
1,"['some', 'all', 'right']","[12, 12, 0, 0, 0]",4,14,5
1,"['most', 'all', 'right']","[12, 12, 12, 0, 0]",18,22,5
0,"['some', 'some', 'wrong']","[12, 12, 12, 3, 3]",8,11,5
1,"['some', 'all', 'right']","[12, 12, 9, 9, 9]",6,14,5
0,"['most', 'all', 'wrong']","[3, 3, 0, 0, 0]",12,23,5
0,"['some', 'all', 'wrong']","[12, 12, 3, 0, 0]",11,15,5
0,"['most', 'most', 'wrong']","[3, 3, 0, 0, 0]",12,21,31
0,"['most', 'most', 'wrong']","[12, 12, 3, 0, 0]",11,21,31
0,"['most', 'most', 'wrong']","[9, 9, 3, 3, 3]",0,21,31
1,"['most', 'most', 'right']","[9, 9, 9, 9, 9]",3,20,31
1,"['most', 'most', 'wrong']","[0, 0, 0, 0, 0]",15,21,31
0,"['most', 'most', 'right']","[12, 12, 9, 9, 9]",6,20,31
0,"['most', 'most', 'wrong']","[9, 9, 3, 0, 0]",17,21,31
0,"['some', 'some', 'right']","[12, 12, 9, 0, 0]",5,10,31
1,"['some', 'some', 'wrong']","[3, 3, 3, 3, 3]",7,11,31
1,"['most', 'most', 'right']","[9, 9, 9, 3, 3]",13,20,31
0,"['some', 'most', 'wrong']","[12, 12, 12, 3, 3]",8,13,31
0,"['some', 'most', 'wrong']","[12, 12, 9, 3, 3]",9,13,31
1,"['all', 'all', 'right']","[12, 12, 12, 12, 12]",1,30,31
1,"['most', 'most', 'right']","[9, 9, 9, 0, 0]",2,20,31
1,"['most', 'most', 'right']","[12, 12, 12, 0, 0]",18,20,31
1,"['some', 'most', 'wrong']","[12, 12, 0, 0, 0]",4,13,31
0,"['some', 'some', 'wrong']","[12, 12, 12, 9, 9]",16,11,31
0,"['most', 'most', 'wrong']","[3, 3, 3, 0, 0]",19,21,31
1,"['all', 'most', 'right']","[12, 12, 12, 9, 9]",16,28,16
1,"['some', 'most', 'right']","[12, 12, 9, 0, 0]",5,12,16
0,"['most', 'all', 'wrong']","[12, 12, 0, 0, 0]",4,23,16
0,"['all', 'some', 'wrong']","[9, 9, 3, 3, 3]",0,27,16
0,"['none', 'all', 'wrong']","[12, 12, 12, 12, 12]",1,7,16
0,"['some', 'most', 'wrong']","[12, 12, 12, 3, 3]",8,13,16
0,"['none', 'all', 'right']","[9, 9, 3, 0, 0]",17,6,16
1,"['all', 'some', 'right']","[3, 3, 3, 3, 3]",7,26,16
0,"['none', 'all', 'right']","[9, 9, 9, 3, 3]",13,6,16
1,"['some', 'all', 'right']","[12, 12, 3, 3, 3]",10,14,16
1,"['most', 'some', 'right']","[3, 3, 3, 0, 0]",19,18,16
1,"['all', 'most', 'right']","[9, 9, 9, 9, 9]",3,28,16
1,"['most', 'most', 'right']","[12, 12, 9, 3, 3]",9,20,16
0,"['most', 'most', 'wrong']","[12, 12, 3, 0, 0]",11,21,16
1,"['some', 'most', 'right']","[9, 9, 0, 0, 0]",14,12,16
0,"['all', 'all', 'wrong']","[0, 0, 0, 0, 0]",15,31,16
0,"['some', 'all', 'wrong']","[9, 9, 9, 0, 0]",2,15,16
1,"['most', 'all', 'right']","[12, 12, 12, 0, 0]",18,22,16
1,"['some', 'some', 'right']","[3, 3, 0, 0, 0]",12,10,16
0,"['most', 'some', 'wrong']","[12, 12, 9, 9, 9]",6,19,16
0,"['some', 'none', 'right']","[12, 12, 9, 0, 0]",5,8,17
1,"['most', 'most', 'right']","[12, 12, 9, 3, 3]",9,20,17
0,"['most', 'all', 'wrong']","[12, 12, 0, 0, 0]",4,23,17
0,"['all', 'most', 'wrong']","[3, 3, 3, 0, 0]",19,29,17
1,"['all', 'most', 'right']","[12, 12, 12, 9, 9]",16,28,17
1,"['some', 'most', 'right']","[9, 9, 3, 3, 3]",0,12,17
0,"['most', 'some', 'wrong']","[12, 12, 9, 9, 9]",6,19,17
0,"['some', 'most', 'wrong']","[9, 9, 9, 3, 3]",13,13,17
1,"['some', 'some', 'wrong']","[0, 0, 0, 0, 0]",15,11,17
0,"['most', 'most', 'wrong']","[12, 12, 3, 0, 0]",11,21,17
0,"['most', 'all', 'wrong']","[9, 9, 0, 0, 0]",14,23,17
0,"['none', 'all', 'wrong']","[12, 12, 12, 12, 12]",1,7,17
0,"['most', 'most', 'wrong']","[9, 9, 3, 0, 0]",17,21,17
1,"['most', 'most', 'right']","[9, 9, 9, 0, 0]",2,20,17
1,"['most', 'all', 'right']","[12, 12, 12, 3, 3]",8,22,17
1,"['most', 'all', 'right']","[12, 12, 12, 0, 0]",18,22,17
0,"['all', 'some', 'wrong']","[9, 9, 9, 9, 9]",3,27,17
1,"['some', 'some', 'right']","[3, 3, 0, 0, 0]",12,10,17
0,"['most', 'most', 'wrong']","[3, 3, 3, 0, 0]",19,21,50
1,"['most', 'most', 'right']","[12, 12, 12, 0, 0]",18,20,50
1,"['most', 'most', 'right']","[9, 9, 9, 0, 0]",2,20,50
0,"['most', 'all', 'wrong']","[3, 3, 0, 0, 0]",12,23,50
1,"['most', 'most', 'right']","[12, 12, 9, 0, 0]",5,20,50
0,"['most', 'most', 'wrong']","[9, 9, 3, 3, 3]",0,21,50
1,"['some', 'most', 'right']","[9, 9, 0, 0, 0]",14,12,50
0,"['most', 'most', 'wrong']","[3, 3, 3, 3, 3]",7,21,50
0,"['some', 'most', 'wrong']","[12, 12, 12, 3, 3]",8,13,50
1,"['most', 'most', 'wrong']","[0, 0, 0, 0, 0]",15,21,50
0,"['some', 'most', 'wrong']","[12, 12, 9, 3, 3]",9,13,50
1,"['most', 'all', 'right']","[12, 12, 12, 9, 9]",16,22,50
0,"['some', 'most', 'wrong']","[12, 12, 3, 3, 3]",10,13,50
1,"['some', 'all', 'right']","[12, 12, 0, 0, 0]",4,14,50
0,"['some', 'all', 'wrong']","[9, 9, 3, 0, 0]",17,15,50
0,"['some', 'some', 'wrong']","[12, 12, 9, 9, 9]",6,11,50
1,"['all', 'all', 'right']","[12, 12, 12, 12, 12]",1,30,50
0,"['all', 'some', 'wrong']","[9, 9, 9, 9, 9]",3,27,50
1,"['some', 'most', 'right']","[9, 9, 9, 3, 3]",13,12,50
1,"['some', 'all', 'right']","[12, 12, 3, 0, 0]",11,14,50
0,"['none', 'all', 'right']","[9, 9, 9, 3, 3]",13,6,13
1,"['some', 'all', 'right']","[12, 12, 12, 3, 3]",8,14,13
0,"['most', 'some', 'wrong']","[9, 9, 9, 9, 9]",3,19,13
1,"['all', 'some', 'right']","[3, 3, 3, 3, 3]",7,26,13
0,"['some', 'all', 'wrong']","[12, 12, 9, 0, 0]",5,15,13
0,"['none', 'all', 'right']","[9, 9, 3, 3, 3]",0,6,13
1,"['some', 'some', 'right']","[9, 9, 3, 0, 0]",17,10,13
1,"['all', 'none', 'right']","[0, 0, 0, 0, 0]",15,24,13
1,"['some', 'all', 'right']","[12, 12, 3, 3, 3]",10,14,13
1,"['some', 'all', 'right']","[12, 12, 3, 0, 0]",11,14,13
0,"['all', 'none', 'wrong']","[12, 12, 12, 12, 12]",1,25,13
0,"['most', 'all', 'wrong']","[12, 12, 0, 0, 0]",4,23,13
0,"['some', 'some', 'wrong']","[12, 12, 9, 9, 9]",6,11,13
0,"['some', 'some', 'wrong']","[12, 12, 12, 9, 9]",16,11,13
0,"['most', 'all', 'wrong']","[3, 3, 0, 0, 0]",12,23,13
0,"['most', 'all', 'wrong']","[9, 9, 0, 0, 0]",14,23,13
1,"['some', 'some', 'right']","[3, 3, 3, 0, 0]",19,10,13
1,"['most', 'all', 'right']","[12, 12, 12, 0, 0]",18,22,13
1,"['most', 'most', 'right']","[9, 9, 9, 0, 0]",2,20,13
1,"['some', 'all', 'right']","[12, 12, 9, 3, 3]",9,14,13
1,"['some', 'all', 'right']","[12, 12, 3, 3, 3]",10,14,63
1,"['some', 'some', 'right']","[3, 3, 0, 0, 0]",12,10,63
0,"['some', 'most', 'wrong']","[12, 12, 9, 3, 3]",9,13,63
1,"['some', 'all', 'right']","[12, 12, 0, 0, 0]",4,14,63
0,"['some', 'all', 'wrong']","[9, 9, 3, 0, 0]",17,15,63
0,"['most', 'all', 'wrong']","[9, 9, 0, 0, 0]",14,23,63
0,"['some', 'most', 'wrong']","[12, 12, 12, 3, 3]",8,13,63
0,"['some', 'all', 'wrong']","[12, 12, 9, 0, 0]",5,15,63
0,"['some', 'all', 'wrong']","[9, 9, 9, 0, 0]",2,15,63
1,"['most', 'all', 'right']","[12, 12, 12, 9, 9]",16,22,63
1,"['most', 'some', 'right']","[3, 3, 3, 0, 0]",19,18,63
1,"['all', 'most', 'right']","[9, 9, 9, 9, 9]",3,28,63
0,"['some', 'all', 'wrong']","[12, 12, 3, 0, 0]",11,15,63
0,"['all', 'all', 'wrong']","[0, 0, 0, 0, 0]",15,31,63
1,"['all', 'all', 'right']","[12, 12, 12, 12, 12]",1,30,63
1,"['most', 'most', 'right']","[12, 12, 9, 9, 9]",6,20,63
1,"['all', 'some', 'right']","[3, 3, 3, 3, 3]",7,26,63
1,"['some', 'most', 'right']","[9, 9, 3, 3, 3]",0,12,63
0,"['some', 'all', 'wrong']","[12, 12, 12, 0, 0]",18,15,63
0,"['all', 'some', 'wrong']","[9, 9, 9, 3, 3]",13,27,63
0,"['some', 'all', 'wrong']","[9, 9, 3, 0, 0]",17,15,9
1,"['most', 'all', 'right']","[12, 12, 12, 3, 3]",8,22,9
0,"['some', 'all', 'wrong']","[12, 12, 9, 0, 0]",5,15,9
0,"['all', 'most', 'wrong']","[3, 3, 3, 3, 3]",7,29,9
1,"['most', 'all', 'wrong']","[9, 9, 0, 0, 0]",14,23,9
1,"['all', 'some', 'right']","[9, 9, 3, 3, 3]",0,26,9
1,"['some', 'all', 'right']","[12, 12, 3, 0, 0]",11,14,9
0,"['most', 'all', 'wrong']","[12, 12, 0, 0, 0]",4,23,9
1,"['all', 'most', 'right']","[12, 12, 9, 9, 9]",6,28,9
0,"['some', 'all', 'wrong']","[9, 9, 9, 0, 0]",2,15,9
0,"['some', 'most', 'wrong']","[9, 9, 9, 3, 3]",13,13,9
1,"['most', 'all', 'right']","[12, 12, 12, 0, 0]",18,22,9
1,"['some', 'some', 'right']","[3, 3, 0, 0, 0]",12,10,9
0,"['all', 'most', 'wrong']","[3, 3, 3, 0, 0]",19,29,9
1,"['most', 'most', 'right']","[12, 12, 9, 3, 3]",9,20,9
1,"['some', 'all', 'right']","[12, 12, 3, 3, 3]",10,14,9
1,"['all', 'most', 'right']","[12, 12, 12, 9, 9]",16,28,9
0,"['all', 'all', 'wrong']","[0, 0, 0, 0, 0]",15,31,9
0,"['all', 'some', 'wrong']","[9, 9, 9, 9, 9]",3,27,9
0,"['some', 'all', 'wrong']","[12, 12, 3, 0, 0]",11,15,45
1,"['some', 'all', 'right']","[12, 12, 9, 0, 0]",5,14,45
1,"['some', 'most', 'right']","[9, 9, 3, 3, 3]",0,12,45
1,"['all', 'most', 'right']","[9, 9, 9, 9, 9]",3,28,45
0,"['none', 'all', 'right']","[9, 9, 9, 0, 0]",2,6,45
0,"['all', 'all', 'wrong']","[0, 0, 0, 0, 0]",15,31,45
0,"['all', 'most', 'wrong']","[3, 3, 3, 3, 3]",7,29,45
1,"['all', 'most', 'right']","[12, 12, 9, 9, 9]",6,28,45
1,"['most', 'most', 'right']","[12, 12, 12, 9, 9]",16,20,45
1,"['most', 'some', 'right']","[9, 9, 3, 0, 0]",17,18,45
0,"['most', 'all', 'wrong']","[9, 9, 0, 0, 0]",14,23,45
0,"['some', 'some', 'right']","[12, 12, 12, 12, 12]",1,10,45
1,"['most', 'all', 'right']","[12, 12, 12, 0, 0]",18,22,45
0,"['most', 'all', 'wrong']","[12, 12, 0, 0, 0]",4,23,45
1,"['most', 'some', 'right']","[3, 3, 3, 0, 0]",19,18,45
1,"['all', 'some', 'right']","[9, 9, 9, 3, 3]",13,26,45
0,"['most', 'some', 'wrong']","[12, 12, 9, 3, 3]",9,19,45
0,"['some', 'most', 'wrong']","[12, 12, 12, 3, 3]",8,13,45
0,"['most', 'most', 'wrong']","[12, 12, 3, 3, 3]",10,21,45
1,"['most', 'most', 'right']","[12, 12, 12, 0, 0]",18,20,8
0,"['some', 'some', 'wrong']","[12, 12, 12, 3, 3]",8,11,8
0,"['some', 'some', 'wrong']","[12, 12, 9, 3, 3]",9,11,8
0,"['most', 'most', 'wrong']","[3, 3, 3, 0, 0]",19,21,8
1,"['some', 'some', 'right']","[3, 3, 0, 0, 0]",12,10,8
0,"['most', 'most', 'wrong']","[3, 3, 3, 3, 3]",7,21,8
0,"['most', 'most', 'wrong']","[12, 12, 0, 0, 0]",4,21,8
1,"['some', 'some', 'right']","[12, 12, 3, 0, 0]",11,10,8
1,"['some', 'some', 'right']","[9, 9, 3, 0, 0]",17,10,8
0,"['some', 'some', 'wrong']","[12, 12, 9, 9, 9]",6,11,8
0,"['most', 'some', 'wrong']","[12, 12, 9, 0, 0]",5,19,8
1,"['most', 'some', 'right']","[9, 9, 9, 3, 3]",13,18,8
0,"['some', 'some', 'wrong']","[12, 12, 12, 9, 9]",16,11,8
1,"['all', 'some', 'right']","[9, 9, 3, 3, 3]",0,26,8
1,"['all', 'all', 'wrong']","[0, 0, 0, 0, 0]",15,31,8
1,"['all', 'most', 'right']","[9, 9, 9, 9, 9]",3,28,8
0,"['most', 'most', 'wrong']","[3, 3, 3, 0, 0]",19,21,22
0,"['some', 'some', 'wrong']","[12, 12, 9, 0, 0]",5,11,22
1,"['some', 'some', 'right']","[3, 3, 0, 0, 0]",12,10,22
1,"['some', 'most', 'right']","[9, 9, 3, 3, 3]",0,12,22
1,"['some', 'all', 'right']","[12, 12, 0, 0, 0]",4,14,22
0,"['some', 'most', 'wrong']","[12, 12, 9, 3, 3]",9,13,22
0,"['some', 'most', 'wrong']","[9, 9, 9, 3, 3]",13,13,22
1,"['some', 'all', 'right']","[12, 12, 3, 3, 3]",10,14,22
1,"['some', 'most', 'right']","[9, 9, 3, 0, 0]",17,12,22
1,"['some', 'most', 'right']","[9, 9, 0, 0, 0]",14,12,22
1,"['most', 'most', 'right']","[9, 9, 9, 9, 9]",3,20,22
1,"['most', 'all', 'right']","[12, 12, 12, 9, 9]",16,22,22
0,"['all', 'none', 'wrong']","[12, 12, 12, 12, 12]",1,25,22
0,"['most', 'most', 'wrong']","[3, 3, 3, 3, 3]",7,21,22
1,"['most', 'all', 'right']","[12, 12, 12, 0, 0]",18,22,22
0,"['all', 'all', 'wrong']","[0, 0, 0, 0, 0]",15,31,22
0,"['some', 'some', 'right']","[12, 12, 9, 9, 9]",6,10,22
0,"['some', 'all', 'wrong']","[9, 9, 9, 0, 0]",2,15,22
1,"['some', 'all', 'right']","[12, 12, 3, 0, 0]",11,14,22
0,"['some', 'most', 'wrong']","[12, 12, 12, 3, 3]",8,13,22
1,"['some', 'some', 'right']","[9, 9, 0, 0, 0]",14,10,62
1,"['most', 'some', 'right']","[12, 12, 3, 3, 3]",10,18,62
1,"['most', 'most', 'right']","[12, 12, 12, 0, 0]",18,20,62
1,"['most', 'most', 'right']","[9, 9, 9, 9, 9]",3,20,62
0,"['most', 'most', 'wrong']","[3, 3, 3, 3, 3]",7,21,62
0,"['most', 'some', 'wrong']","[9, 9, 3, 3, 3]",0,19,62
0,"['most', 'some', 'wrong']","[12, 12, 3, 0, 0]",11,19,62
1,"['some', 'some', 'right']","[3, 3, 0, 0, 0]",12,10,62
0,"['some', 'some', 'wrong']","[12, 12, 12, 3, 3]",8,11,62
0,"['most', 'most', 'wrong']","[3, 3, 3, 0, 0]",19,21,62
0,"['most', 'most', 'wrong']","[12, 12, 0, 0, 0]",4,21,62
1,"['most', 'some', 'right']","[12, 12, 9, 0, 0]",5,18,62
0,"['some', 'some', 'wrong']","[9, 9, 9, 0, 0]",2,11,62
0,"['some', 'some', 'wrong']","[12, 12, 9, 3, 3]",9,11,62
0,"['some', 'none', 'wrong']","[12, 12, 12, 12, 12]",1,9,62
1,"['some', 'most', 'wrong']","[0, 0, 0, 0, 0]",15,13,62
0,"['some', 'some', 'wrong']","[9, 9, 3, 0, 0]",17,11,62
1,"['some', 'most', 'right']","[12, 12, 12, 9, 9]",16,12,62
0,"['some', 'all', 'wrong']","[12, 12, 9, 0, 0]",5,15,65
0,"['some', 'most', 'wrong']","[12, 12, 12, 3, 3]",8,13,65
0,"['some', 'all', 'wrong']","[12, 12, 12, 0, 0]",18,15,65
0,"['all', 'most', 'wrong']","[3, 3, 3, 3, 3]",7,29,65
1,"['all', 'most', 'right']","[12, 12, 9, 9, 9]",6,28,65
0,"['most', 'most', 'wrong']","[9, 9, 3, 0, 0]",17,21,65
1,"['some', 'most', 'right']","[9, 9, 3, 3, 3]",0,12,65
0,"['some', 'most', 'wrong']","[12, 12, 3, 3, 3]",10,13,65
1,"['all', 'none', 'right']","[0, 0, 0, 0, 0]",15,24,65
1,"['some', 'all', 'right']","[12, 12, 9, 3, 3]",9,14,65
1,"['some', 'most', 'right']","[9, 9, 0, 0, 0]",14,12,65
1,"['some', 'all', 'right']","[12, 12, 3, 0, 0]",11,14,65
1,"['some', 'some', 'right']","[3, 3, 0, 0, 0]",12,10,65
1,"['all', 'most', 'right']","[9, 9, 9, 9, 9]",3,28,65
1,"['some', 'some', 'right']","[3, 3, 3, 0, 0]",19,10,65
0,"['some', 'most', 'wrong']","[9, 9, 9, 3, 3]",13,13,65
0,"['most', 'all', 'wrong']","[12, 12, 0, 0, 0]",4,23,65
0,"['all', 'none', 'wrong']","[12, 12, 12, 12, 12]",1,25,65
0,"['some', 'some', 'wrong']","[12, 12, 12, 9, 9]",16,11,65
1,"['most', 'most', 'right']","[9, 9, 9, 0, 0]",2,20,65
0,"['all', 'all', 'wrong']","[0, 0, 0, 0, 0]",15,31,20
1,"['some', 'most', 'right']","[9, 9, 3, 0, 0]",17,12,20
1,"['all', 'most', 'right']","[9, 9, 9, 9, 9]",3,28,20
0,"['most', 'most', 'wrong']","[9, 9, 3, 3, 3]",0,21,20
1,"['all', 'some', 'right']","[3, 3, 3, 3, 3]",7,26,20
1,"['some', 'some', 'right']","[3, 3, 0, 0, 0]",12,10,20
0,"['some', 'most', 'wrong']","[12, 12, 12, 3, 3]",8,13,20
1,"['most', 'some', 'right']","[3, 3, 3, 0, 0]",19,18,20
1,"['most', 'most', 'right']","[9, 9, 9, 3, 3]",13,20,20
0,"['some', 'some', 'wrong']","[12, 12, 12, 9, 9]",16,11,20
0,"['most', 'most', 'wrong']","[12, 12, 3, 3, 3]",10,21,20
0,"['some', 'all', 'wrong']","[12, 12, 12, 0, 0]",18,15,20
0,"['most', 'all', 'wrong']","[12, 12, 0, 0, 0]",4,23,20
0,"['some', 'all', 'wrong']","[9, 9, 9, 0, 0]",2,15,20
1,"['all', 'all', 'right']","[12, 12, 12, 12, 12]",1,30,20
1,"['some', 'all', 'right']","[12, 12, 9, 3, 3]",9,14,20
0,"['most', 'all', 'wrong']","[9, 9, 0, 0, 0]",14,23,20
1,"['most', 'most', 'right']","[12, 12, 9, 9, 9]",6,20,20
1,"['some', 'all', 'right']","[12, 12, 3, 0, 0]",11,14,20
0,"['some', 'all', 'wrong']","[12, 12, 9, 0, 0]",5,15,20
1,"['all', 'most', 'right']","[9, 9, 9, 9, 9]",3,28,39
1,"['some', 'most', 'right']","[9, 9, 0, 0, 0]",14,12,39
0,"['most', 'some', 'wrong']","[12, 12, 9, 9, 9]",6,19,39
0,"['some', 'some', 'wrong']","[12, 12, 12, 9, 9]",16,11,39
0,"['most', 'most', 'wrong']","[3, 3, 3, 0, 0]",19,21,39
1,"['all', 'most', 'wrong']","[0, 0, 0, 0, 0]",15,29,39
1,"['some', 'most', 'right']","[9, 9, 3, 3, 3]",0,12,39
0,"['some', 'most', 'wrong']","[12, 12, 12, 3, 3]",8,13,39
1,"['some', 'all', 'right']","[12, 12, 3, 3, 3]",10,14,39
0,"['most', 'most', 'wrong']","[3, 3, 3, 3, 3]",7,21,39
1,"['most', 'most', 'right']","[12, 12, 9, 0, 0]",5,20,39
1,"['all', 'all', 'right']","[12, 12, 12, 12, 12]",1,30,39
1,"['some', 'all', 'right']","[12, 12, 0, 0, 0]",4,14,39
0,"['some', 'most', 'wrong']","[9, 9, 9, 3, 3]",13,13,39
0,"['most', 'all', 'wrong']","[3, 3, 0, 0, 0]",12,23,39
1,"['most', 'most', 'right']","[9, 9, 9, 0, 0]",2,20,39
1,"['some', 'most', 'right']","[9, 9, 3, 0, 0]",17,12,39
0,"['most', 'most', 'wrong']","[12, 12, 3, 0, 0]",11,21,39
0,"['some', 'all', 'wrong']","[12, 12, 12, 0, 0]",18,15,39
0,"['some', 'most', 'wrong']","[12, 12, 9, 3, 3]",9,13,39
1,"['some', 'most', 'right']","[9, 9, 9, 3, 3]",13,12,26
0,"['some', 'all', 'wrong']","[12, 12, 9, 0, 0]",5,15,26
0,"['some', 'all', 'wrong']","[9, 9, 3, 0, 0]",17,15,26
1,"['most', 'all', 'right']","[12, 12, 12, 0, 0]",18,22,26
0,"['some', 'some', 'wrong']","[12, 12, 9, 9, 9]",6,11,26
1,"['some', 'all', 'right']","[12, 12, 3, 3, 3]",10,14,26
1,"['all', 'most', 'right']","[9, 9, 9, 9, 9]",3,28,26
0,"['all', 'most', 'wrong']","[3, 3, 3, 3, 3]",7,29,26
0,"['some', 'all', 'wrong']","[9, 9, 9, 0, 0]",2,15,26
1,"['some', 'all', 'right']","[12, 12, 0, 0, 0]",4,14,26
1,"['some', 'all', 'right']","[12, 12, 3, 0, 0]",11,14,26
1,"['most', 'all', 'right']","[12, 12, 12, 3, 3]",8,22,26
0,"['most', 'most', 'wrong']","[9, 9, 3, 3, 3]",0,21,26
0,"['most', 'most', 'wrong']","[3, 3, 3, 0, 0]",19,21,26
1,"['some', 'some', 'right']","[3, 3, 0, 0, 0]",12,10,26
0,"['some', 'most', 'wrong']","[12, 12, 9, 3, 3]",9,13,26
0,"['most', 'all', 'wrong']","[9, 9, 0, 0, 0]",14,23,26
1,"['all', 'all', 'right']","[12, 12, 12, 12, 12]",1,30,26
0,"['some', 'all', 'wrong']","[12, 12, 12, 0, 0]",18,15,28
1,"['some', 'all', 'right']","[12, 12, 12, 3, 3]",8,14,28
1,"['most', 'most', 'right']","[9, 9, 9, 3, 3]",13,20,28
0,"['most', 'most', 'wrong']","[12, 12, 3, 3, 3]",10,21,28
0,"['most', 'most', 'wrong']","[12, 12, 3, 0, 0]",11,21,28
1,"['some', 'some', 'right']","[3, 3, 0, 0, 0]",12,10,28
1,"['none', 'all', 'right']","[0, 0, 0, 0, 0]",15,6,28
0,"['most', 'most', 'wrong']","[3, 3, 3, 0, 0]",19,21,28
1,"['all', 'some', 'right']","[3, 3, 3, 3, 3]",7,26,28
1,"['all', 'most', 'right']","[12, 12, 12, 9, 9]",16,28,28
0,"['all', 'some', 'wrong']","[9, 9, 9, 9, 9]",3,27,28
1,"['most', 'most', 'right']","[9, 9, 9, 0, 0]",2,20,28
0,"['most', 'some', 'wrong']","[12, 12, 9, 0, 0]",5,19,28
0,"['most', 'most', 'right']","[12, 12, 12, 12, 12]",1,20,28
0,"['some', 'most', 'wrong']","[12, 12, 9, 3, 3]",9,13,28
0,"['all', 'some', 'wrong']","[9, 9, 3, 3, 3]",0,27,28
1,"['all', 'most', 'right']","[12, 12, 9, 9, 9]",6,28,28
0,"['all', 'some', 'wrong']","[9, 9, 0, 0, 0]",14,27,28
1,"['some', 'all', 'right']","[12, 12, 0, 0, 0]",4,14,28
1,"['some', 'most', 'right']","[9, 9, 3, 0, 0]",17,12,28
1,"['some', 'all', 'right']","[12, 12, 0, 0, 0]",4,14,29
0,"['all', 'all', 'wrong']","[0, 0, 0, 0, 0]",15,31,29
1,"['some', 'most', 'right']","[9, 9, 3, 3, 3]",0,12,29
1,"['some', 'most', 'right']","[9, 9, 3, 0, 0]",17,12,29
0,"['none', 'all', 'right']","[9, 9, 9, 3, 3]",13,6,29
1,"['most', 'most', 'right']","[9, 9, 9, 0, 0]",2,20,29
0,"['none', 'all', 'right']","[9, 9, 9, 9, 9]",3,6,29
0,"['most', 'some', 'wrong']","[12, 12, 9, 9, 9]",6,19,29
0,"['some', 'all', 'wrong']","[12, 12, 12, 0, 0]",18,15,29
1,"['some', 'most', 'right']","[9, 9, 0, 0, 0]",14,12,29
0,"['most', 'most', 'right']","[12, 12, 9, 0, 0]",5,20,29
1,"['all', 'all', 'right']","[12, 12, 12, 12, 12]",1,30,29
0,"['most', 'most', 'wrong']","[3, 3, 3, 0, 0]",19,21,29
1,"['all', 'some', 'right']","[3, 3, 3, 3, 3]",7,26,29
1,"['most', 'all', 'right']","[12, 12, 12, 3, 3]",8,22,29
0,"['some', 'most', 'wrong']","[12, 12, 9, 3, 3]",9,13,29
1,"['all', 'most', 'right']","[12, 12, 12, 9, 9]",16,28,29
0,"['some', 'all', 'wrong']","[12, 12, 3, 0, 0]",11,15,29
1,"['some', 'some', 'right']","[3, 3, 0, 0, 0]",12,10,29
0,"['some', 'none', 'right']","[9, 9, 0, 0, 0]",14,8,34
1,"['some', 'all', 'right']","[12, 12, 12, 3, 3]",8,14,34
0,"['all', 'some', 'wrong']","[9, 9, 3, 0, 0]",17,27,34
1,"['some', 'all', 'right']","[12, 12, 3, 0, 0]",11,14,34
1,"['all', 'all', 'wrong']","[0, 0, 0, 0, 0]",15,31,34
1,"['some', 'some', 'right']","[3, 3, 3, 0, 0]",19,10,34
0,"['some', 'some', 'right']","[12, 12, 12, 12, 12]",1,10,34
1,"['some', 'most', 'right']","[9, 9, 9, 0, 0]",2,12,34
0,"['some', 'most', 'wrong']","[12, 12, 9, 3, 3]",9,13,34
0,"['all', 'some', 'wrong']","[9, 9, 9, 3, 3]",13,27,34
1,"['all', 'some', 'right']","[9, 9, 3, 3, 3]",0,26,34
0,"['some', 'most', 'wrong']","[12, 12, 3, 3, 3]",10,13,34
0,"['some', 'all', 'wrong']","[12, 12, 12, 0, 0]",18,15,34
1,"['some', 'some', 'right']","[3, 3, 0, 0, 0]",12,10,34
0,"['some', 'all', 'wrong']","[12, 12, 9, 0, 0]",5,15,34
1,"['most', 'all', 'right']","[12, 12, 12, 9, 9]",16,22,34
0,"['all', 'some', 'wrong']","[3, 3, 3, 3, 3]",7,27,34
1,"['all', 'most', 'right']","[9, 9, 9, 9, 9]",3,28,34
0,"['some', 'all', 'wrong']","[12, 12, 0, 0, 0]",4,15,34
1,"['all', 'most', 'right']","[12, 12, 9, 9, 9]",6,28,34
0,"['some', 'most', 'wrong']","[12, 12, 9, 3, 3]",9,13,6
1,"['some', 'some', 'wrong']","[3, 3, 3, 3, 3]",7,11,6
0,"['most', 'some', 'right']","[12, 12, 12, 12, 12]",1,18,6
1,"['most', 'all', 'wrong']","[0, 0, 0, 0, 0]",15,23,6
1,"['most', 'some', 'right']","[9, 9, 3, 3, 3]",0,18,6
1,"['some', 'most', 'right']","[12, 12, 3, 3, 3]",10,12,6
0,"['most', 'some', 'wrong']","[12, 12, 9, 0, 0]",5,19,6
0,"['some', 'all', 'wrong']","[9, 9, 3, 0, 0]",17,15,6
1,"['some', 'some', 'wrong']","[3, 3, 0, 0, 0]",12,11,6
1,"['some', 'most', 'right']","[9, 9, 0, 0, 0]",14,12,6
1,"['some', 'all', 'right']","[12, 12, 3, 0, 0]",11,14,6
0,"['some', 'most', 'wrong']","[9, 9, 9, 3, 3]",13,13,6
0,"['some', 'all', 'wrong']","[12, 12, 0, 0, 0]",4,15,6
0,"['all', 'some', 'wrong']","[9, 9, 9, 9, 9]",3,27,6
1,"['most', 'all', 'right']","[12, 12, 12, 9, 9]",16,22,6
1,"['most', 'all', 'right']","[12, 12, 12, 3, 3]",8,22,6
0,"['some', 'all', 'wrong']","[12, 12, 12, 0, 0]",18,15,6
1,"['most', 'most', 'right']","[12, 12, 9, 3, 3]",9,20,10
1,"['some', 'some', 'right']","[3, 3, 0, 0, 0]",12,10,10
0,"['all', 'all', 'wrong']","[0, 0, 0, 0, 0]",15,31,10
1,"['some', 'most', 'right']","[9, 9, 3, 3, 3]",0,12,10
1,"['some', 'some', 'right']","[3, 3, 3, 0, 0]",19,10,10
0,"['some', 'some', 'wrong']","[12, 12, 12, 9, 9]",16,11,10
0,"['some', 'all', 'wrong']","[12, 12, 0, 0, 0]",4,15,10
0,"['most', 'most', 'wrong']","[9, 9, 3, 0, 0]",17,21,10
0,"['some', 'all', 'right']","[12, 12, 12, 12, 12]",1,14,10
1,"['all', 'most', 'right']","[9, 9, 9, 9, 9]",3,28,10
1,"['all', 'some', 'right']","[3, 3, 3, 3, 3]",7,26,10
1,"['some', 'all', 'right']","[12, 12, 3, 0, 0]",11,14,10
0,"['some', 'all', 'wrong']","[9, 9, 9, 0, 0]",2,15,10
1,"['some', 'all', 'right']","[12, 12, 9, 0, 0]",5,14,10
1,"['most', 'all', 'right']","[12, 12, 12, 0, 0]",18,22,10
0,"['most', 'some', 'wrong']","[12, 12, 9, 9, 9]",6,19,10
0,"['most', 'most', 'wrong']","[12, 12, 3, 3, 3]",10,21,10
0,"['none', 'all', 'right']","[9, 9, 9, 3, 3]",13,6,10
1,"['some', 'most', 'right']","[9, 9, 0, 0, 0]",14,12,10
0,"['some', 'most', 'wrong']","[12, 12, 12, 3, 3]",8,13,10
0,"['some', 'none', 'right']","[9, 9, 9, 0, 0]",2,8,68
0,"['some', 'most', 'wrong']","[12, 12, 3, 3, 3]",10,13,68
1,"['some', 'all', 'right']","[12, 12, 12, 0, 0]",18,14,68
0,"['some', 'most', 'wrong']","[12, 12, 9, 3, 3]",9,13,68
0,"['some', 'all', 'wrong']","[12, 12, 0, 0, 0]",4,15,68
1,"['most', 'all', 'right']","[12, 12, 12, 9, 9]",16,22,68
1,"['some', 'some', 'right']","[3, 3, 3, 0, 0]",19,10,68
1,"['some', 'most', 'right']","[9, 9, 0, 0, 0]",14,12,68
1,"['none', 'all', 'right']","[0, 0, 0, 0, 0]",15,6,68
1,"['most', 'most', 'right']","[12, 12, 9, 9, 9]",6,20,68
1,"['some', 'all', 'right']","[12, 12, 3, 0, 0]",11,14,68
0,"['some', 'most', 'wrong']","[9, 9, 3, 3, 3]",0,13,68
0,"['some', 'all', 'wrong']","[9, 9, 3, 0, 0]",17,15,68
0,"['most', 'all', 'wrong']","[3, 3, 0, 0, 0]",12,23,68
0,"['all', 'some', 'wrong']","[9, 9, 9, 9, 9]",3,27,68
0,"['some', 'all', 'wrong']","[12, 12, 9, 0, 0]",5,15,68
1,"['all', 'some', 'right']","[12, 12, 12, 3, 3]",8,26,68
1,"['all', 'all', 'right']","[12, 12, 12, 12, 12]",1,30,68
1,"['all', 'some', 'right']","[3, 3, 3, 3, 3]",7,26,68
0,"['some', 'most', 'wrong']","[9, 9, 9, 3, 3]",13,13,68
0,"['some', 'most', 'wrong']","[9, 9, 9, 3, 3]",13,13,74
1,"['some', 'all', 'right']","[12, 12, 3, 0, 0]",11,14,74
0,"['some', 'all', 'wrong']","[9, 9, 3, 0, 0]",17,15,74
1,"['some', 'all', 'right']","[12, 12, 3, 3, 3]",10,14,74
1,"['some', 'all', 'right']","[12, 12, 0, 0, 0]",4,14,74
0,"['some', 'most', 'wrong']","[12, 12, 12, 3, 3]",8,13,74
0,"['some', 'all', 'wrong']","[12, 12, 9, 0, 0]",5,15,74
0,"['most', 'all', 'wrong']","[9, 9, 0, 0, 0]",14,23,74
1,"['all', 'all', 'right']","[12, 12, 12, 12, 12]",1,30,74
1,"['some', 'some', 'right']","[3, 3, 0, 0, 0]",12,10,74
1,"['most', 'all', 'right']","[12, 12, 12, 9, 9]",16,22,74
0,"['some', 'none', 'right']","[9, 9, 9, 0, 0]",2,8,74
0,"['some', 'all', 'wrong']","[3, 3, 3, 0, 0]",19,15,74
1,"['most', 'all', 'right']","[12, 12, 12, 0, 0]",18,22,74
1,"['all', 'most', 'right']","[9, 9, 9, 9, 9]",3,28,74
0,"['most', 'most', 'wrong']","[9, 9, 3, 3, 3]",0,21,74
0,"['some', 'most', 'wrong']","[12, 12, 9, 3, 3]",9,13,74
1,"['all', 'some', 'right']","[3, 3, 3, 3, 3]",7,26,74
1,"['all', 'most', 'right']","[12, 12, 9, 9, 9]",6,28,74
0,"['all', 'none', 'right']","[0, 0, 0, 0, 0]",15,24,74
1,"['all', 'most', 'right']","[9, 9, 9, 9, 9]",3,28,7
0,"['some', 'all', 'wrong']","[12, 12, 3, 0, 0]",11,15,7
1,"['most', 'most', 'right']","[9, 9, 9, 0, 0]",2,20,7
1,"['some', 'all', 'right']","[12, 12, 12, 3, 3]",8,14,7
1,"['some', 'most', 'right']","[9, 9, 9, 3, 3]",13,12,7
1,"['all', 'none', 'right']","[0, 0, 0, 0, 0]",15,24,7
0,"['all', 'some', 'wrong']","[3, 3, 3, 3, 3]",7,27,7
0,"['most', 'all', 'wrong']","[9, 9, 0, 0, 0]",14,23,7
0,"['some', 'all', 'wrong']","[12, 12, 9, 0, 0]",5,15,7
0,"['some', 'all', 'wrong']","[9, 9, 3, 0, 0]",17,15,7
0,"['some', 'all', 'right']","[12, 12, 12, 12, 12]",1,14,7
0,"['some', 'all', 'wrong']","[12, 12, 0, 0, 0]",4,15,7
1,"['most', 'all', 'right']","[12, 12, 12, 9, 9]",16,22,7
1,"['some', 'all', 'right']","[12, 12, 9, 3, 3]",9,14,7
1,"['some', 'all', 'right']","[12, 12, 3, 3, 3]",10,14,7
1,"['some', 'all', 'right']","[12, 12, 9, 9, 9]",6,14,7
0,"['some', 'all', 'wrong']","[12, 12, 12, 0, 0]",18,15,7
0,"['most', 'all', 'wrong']","[3, 3, 0, 0, 0]",12,23,7
1,"['some', 'some', 'right']","[3, 3, 3, 0, 0]",19,10,7
0,"['most', 'all', 'right']","[12, 12, 12, 9, 9]",16,22,36
1,"['some', 'none', 'right']","[12, 12, 9, 0, 0]",5,8,36
1,"['most', 'most', 'right']","[12, 12, 9, 9, 9]",6,20,36
0,"['some', 'all', 'wrong']","[12, 12, 0, 0, 0]",4,15,36
0,"['some', 'all', 'right']","[12, 12, 12, 0, 0]",18,14,36
1,"['most', 'some', 'right']","[12, 12, 9, 3, 3]",9,18,36
0,"['most', 'most', 'wrong']","[12, 12, 3, 3, 3]",10,21,36
1,"['some', 'some', 'right']","[3, 3, 3, 0, 0]",19,10,36
0,"['most', 'some', 'wrong']","[9, 9, 0, 0, 0]",14,19,36
1,"['all', 'some', 'right']","[9, 9, 3, 3, 3]",0,26,36
0,"['most', 'most', 'wrong']","[3, 3, 0, 0, 0]",12,21,36
0,"['all', 'all', 'wrong']","[0, 0, 0, 0, 0]",15,31,36
0,"['most', 'some', 'wrong']","[9, 9, 9, 0, 0]",2,19,36
1,"['all', 'some', 'right']","[12, 12, 12, 3, 3]",8,26,36
1,"['all', 'some', 'right']","[3, 3, 3, 3, 3]",7,26,36
0,"['some', 'most', 'wrong']","[12, 12, 3, 0, 0]",11,13,36
0,"['all', 'some', 'wrong']","[9, 9, 9, 3, 3]",13,27,36
1,"['all', 'all', 'right']","[12, 12, 12, 12, 12]",1,30,36
1,"['all', 'most', 'right']","[9, 9, 9, 9, 9]",3,28,36
1,"['all', 'some', 'right']","[3, 3, 3, 3, 3]",7,26,73
0,"['some', 'most', 'right']","[9, 9, 9, 0, 0]",2,12,73
0,"['all', 'most', 'right']","[9, 9, 9, 9, 9]",3,28,73
1,"['some', 'some', 'wrong']","[9, 9, 3, 3, 3]",0,11,73
0,"['some', 'most', 'right']","[9, 9, 0, 0, 0]",14,12,73
0,"['none', 'all', 'right']","[0, 0, 0, 0, 0]",15,6,73
1,"['most', 'most', 'right']","[12, 12, 12, 3, 3]",8,20,73
0,"['all', 'most', 'wrong']","[3, 3, 3, 0, 0]",19,29,73
1,"['most', 'most', 'right']","[12, 12, 9, 9, 9]",6,20,73
0,"['some', 'some', 'right']","[9, 9, 3, 0, 0]",17,10,73
1,"['some', 'all', 'right']","[12, 12, 0, 0, 0]",4,14,73
0,"['some', 'some', 'right']","[3, 3, 0, 0, 0]",12,10,73
1,"['some', 'all', 'right']","[12, 12, 3, 3, 3]",10,14,73
1,"['some', 'all', 'right']","[12, 12, 9, 3, 3]",9,14,73
1,"['most', 'all', 'right']","[12, 12, 12, 0, 0]",18,22,73
0,"['some', 'all', 'right']","[12, 12, 9, 0, 0]",5,14,73
1,"['all', 'most', 'right']","[12, 12, 12, 9, 9]",16,28,73
0,"['some', 'all', 'right']","[12, 12, 3, 0, 0]",11,14,73
0,"['all', 'all', 'right']","[12, 12, 12, 12, 12]",1,30,73
1,"['some', 'most', 'right']","[9, 9, 9, 3, 3]",13,12,73
1,"['all', 'all', 'right']","[12, 12, 12, 12, 12]",1,30,69
1,"['some', 'all', 'right']","[12, 12, 12, 0, 0]",18,14,69
1,"['most', 'most', 'right']","[12, 12, 9, 9, 9]",6,20,69
0,"['some', 'most', 'right']","[9, 9, 3, 0, 0]",17,12,69
1,"['some', 'all', 'right']","[12, 12, 3, 3, 3]",10,14,69
0,"['some', 'some', 'right']","[3, 3, 3, 0, 0]",19,10,69
0,"['some', 'all', 'right']","[12, 12, 9, 3, 3]",9,14,69
0,"['some', 'most', 'wrong']","[12, 12, 0, 0, 0]",4,13,69
1,"['some', 'some', 'right']","[3, 3, 3, 3, 3]",7,10,69
0,"['some', 'some', 'right']","[9, 9, 3, 3, 3]",0,10,69
1,"['most', 'all', 'right']","[12, 12, 12, 3, 3]",8,22,69
0,"['some', 'some', 'right']","[3, 3, 0, 0, 0]",12,10,69
0,"['most', 'all', 'right']","[12, 12, 12, 9, 9]",16,22,69
1,"['some', 'some', 'right']","[9, 9, 9, 3, 3]",13,10,69
1,"['some', 'none', 'right']","[0, 0, 0, 0, 0]",15,8,69
1,"['some', 'most', 'right']","[9, 9, 0, 0, 0]",14,12,69
1,"['some', 'some', 'right']","[9, 9, 9, 0, 0]",2,10,69
0,"['most', 'most', 'right']","[9, 9, 9, 9, 9]",3,20,69
0,"['some', 'all', 'right']","[12, 12, 3, 0, 0]",11,14,69
0,"['some', 'all', 'right']","[12, 12, 9, 0, 0]",5,14,69
1,"['most', 'all', 'right']","[12, 12, 12, 3, 3]",8,22,66
1,"['all', 'some', 'right']","[9, 9, 3, 3, 3]",0,26,66
0,"['most', 'none', 'right']","[9, 9, 0, 0, 0]",14,16,66
1,"['most', 'most', 'right']","[12, 12, 9, 3, 3]",9,20,66
0,"['some', 'some', 'wrong']","[12, 12, 12, 9, 9]",16,11,66
1,"['most', 'most', 'right']","[12, 12, 9, 9, 9]",6,20,66
0,"['all', 'some', 'wrong']","[9, 9, 9, 9, 9]",3,27,66
0,"['all', 'most', 'wrong']","[3, 3, 3, 3, 3]",7,29,66
0,"['all', 'some', 'wrong']","[9, 9, 9, 3, 3]",13,27,66
1,"['some', 'all', 'right']","[12, 12, 3, 0, 0]",11,14,66
1,"['some', 'some', 'right']","[3, 3, 0, 0, 0]",12,10,66
0,"['all', 'most', 'wrong']","[3, 3, 3, 0, 0]",19,29,66
0,"['most', 'some', 'wrong']","[12, 12, 3, 3, 3]",10,19,66
0,"['some', 'all', 'wrong']","[12, 12, 9, 0, 0]",5,15,66
0,"['all', 'all', 'right']","[12, 12, 12, 12, 12]",1,30,66
1,"['some', 'all', 'right']","[12, 12, 12, 0, 0]",18,14,66
1,"['most', 'most', 'right']","[9, 9, 9, 0, 0]",2,20,66
1,"['some', 'all', 'right']","[12, 12, 0, 0, 0]",4,14,66
0,"['some', 'all', 'wrong']","[9, 9, 3, 0, 0]",17,15,66
1,"['all', 'all', 'wrong']","[0, 0, 0, 0, 0]",15,31,66
0,"['some', 'all', 'right']","[12, 12, 0, 0, 0]",4,14,24
1,"['some', 'most', 'right']","[9, 9, 0, 0, 0]",14,12,24
0,"['some', 'all', 'right']","[12, 12, 3, 3, 3]",10,14,24
1,"['some', 'most', 'right']","[9, 9, 3, 0, 0]",17,12,24
0,"['all', 'most', 'right']","[12, 12, 9, 9, 9]",6,28,24
1,"['all', 'most', 'right']","[12, 12, 12, 9, 9]",16,28,24
1,"['some', 'some', 'right']","[3, 3, 3, 0, 0]",19,10,24
0,"['most', 'all', 'right']","[12, 12, 12, 0, 0]",18,22,24
0,"['some', 'all', 'right']","[12, 12, 3, 0, 0]",11,14,24
0,"['some', 'most', 'right']","[9, 9, 9, 0, 0]",2,12,24
0,"['all', 'some', 'right']","[3, 3, 3, 3, 3]",7,26,24
0,"['some', 'some', 'right']","[3, 3, 0, 0, 0]",12,10,24
0,"['all', 'most', 'right']","[9, 9, 9, 9, 9]",3,28,24
1,"['all', 'none', 'right']","[0, 0, 0, 0, 0]",15,24,24
1,"['most', 'all', 'right']","[12, 12, 12, 3, 3]",8,22,24
1,"['all', 'all', 'right']","[12, 12, 12, 12, 12]",1,30,24
1,"['most', 'most', 'right']","[12, 12, 9, 0, 0]",5,20,24
0,"['all', 'most', 'wrong']","[3, 3, 3, 0, 0]",19,29,53
0,"['all', 'some', 'wrong']","[9, 9, 9, 3, 3]",13,27,53
1,"['most', 'some', 'right']","[12, 12, 3, 0, 0]",11,18,53
0,"['all', 'most', 'wrong']","[3, 3, 3, 3, 3]",7,29,53
1,"['all', 'all', 'right']","[12, 12, 12, 12, 12]",1,30,53
1,"['all', 'most', 'right']","[12, 12, 12, 9, 9]",16,28,53
0,"['some', 'all', 'wrong']","[9, 9, 9, 0, 0]",2,15,53
1,"['some', 'some', 'right']","[3, 3, 0, 0, 0]",12,10,53
0,"['all', 'some', 'wrong']","[9, 9, 9, 9, 9]",3,27,53
1,"['all', 'some', 'right']","[9, 9, 3, 3, 3]",0,26,53
0,"['some', 'most', 'wrong']","[12, 12, 9, 3, 3]",9,13,53
1,"['some', 'all', 'right']","[12, 12, 9, 0, 0]",5,14,53
0,"['some', 'most', 'wrong']","[12, 12, 12, 3, 3]",8,13,53
0,"['some', 'all', 'wrong']","[9, 9, 3, 0, 0]",17,15,53
0,"['some', 'some', 'wrong']","[12, 12, 9, 9, 9]",6,11,53
1,"['most', 'all', 'right']","[12, 12, 12, 0, 0]",18,22,53
1,"['some', 'all', 'right']","[12, 12, 3, 3, 3]",10,14,53
1,"['some', 'most', 'right']","[9, 9, 0, 0, 0]",14,12,53
0,"['most', 'none', 'right']","[12, 12, 0, 0, 0]",4,16,53
1,"['most', 'all', 'right']","[12, 12, 12, 0, 0]",18,22,70
0,"['none', 'all', 'right']","[9, 9, 9, 9, 9]",3,6,70
1,"['some', 'most', 'right']","[9, 9, 0, 0, 0]",14,12,70
0,"['some', 'most', 'wrong']","[3, 3, 3, 0, 0]",19,13,70
0,"['all', 'most', 'wrong']","[3, 3, 3, 3, 3]",7,29,70
0,"['none', 'all', 'right']","[9, 9, 9, 3, 3]",13,6,70
1,"['most', 'most', 'right']","[9, 9, 9, 0, 0]",2,20,70
0,"['most', 'all', 'wrong']","[12, 12, 0, 0, 0]",4,23,70
0,"['none', 'all', 'right']","[3, 3, 0, 0, 0]",12,6,70
0,"['all', 'most', 'right']","[12, 12, 9, 9, 9]",6,28,70
1,"['most', 'most', 'right']","[12, 12, 9, 3, 3]",9,20,70
0,"['most', 'most', 'wrong']","[12, 12, 3, 3, 3]",10,21,70
0,"['most', 'most', 'wrong']","[9, 9, 3, 3, 3]",0,21,70
1,"['most', 'most', 'right']","[12, 12, 9, 0, 0]",5,20,70
1,"['most', 'most', 'wrong']","[0, 0, 0, 0, 0]",15,21,70
1,"['all', 'all', 'right']","[12, 12, 12, 12, 12]",1,30,70
1,"['most', 'most', 'right']","[12, 12, 12, 3, 3]",8,20,70
0,"['some', 'some', 'wrong']","[12, 12, 9, 9, 9]",6,11,47
1,"['some', 'some', 'right']","[3, 3, 3, 0, 0]",19,10,47
1,"['most', 'all', 'right']","[12, 12, 12, 0, 0]",18,22,47
0,"['some', 'most', 'wrong']","[12, 12, 9, 3, 3]",9,13,47
0,"['all', 'all', 'wrong']","[0, 0, 0, 0, 0]",15,31,47
0,"['some', 'some', 'wrong']","[12, 12, 12, 9, 9]",16,11,47
1,"['all', 'some', 'right']","[12, 12, 3, 3, 3]",10,26,47
0,"['none', 'all', 'right']","[9, 9, 9, 9, 9]",3,6,47
0,"['all', 'most', 'wrong']","[3, 3, 3, 3, 3]",7,29,47
1,"['some', 'some', 'right']","[3, 3, 0, 0, 0]",12,10,47
1,"['most', 'most', 'right']","[12, 12, 12, 3, 3]",8,20,47
0,"['most', 'most', 'wrong']","[9, 9, 3, 0, 0]",17,21,47
0,"['most', 'most', 'wrong']","[12, 12, 3, 0, 0]",11,21,47
1,"['all', 'some', 'right']","[9, 9, 9, 3, 3]",13,26,47
1,"['all', 'some', 'right']","[9, 9, 3, 3, 3]",0,26,47
1,"['some', 'all', 'right']","[12, 12, 9, 0, 0]",5,14,47
0,"['some', 'all', 'wrong']","[9, 9, 9, 0, 0]",2,15,47
1,"['some', 'most', 'right']","[9, 9, 0, 0, 0]",14,12,47
1,"['some', 'all', 'right']","[12, 12, 0, 0, 0]",4,14,47
0,"['some', 'some', 'wrong']","[12, 12, 9, 9, 9]",6,11,52
1,"['some', 'most', 'right']","[9, 9, 0, 0, 0]",14,12,52
1,"['some', 'some', 'right']","[3, 3, 0, 0, 0]",12,10,52
1,"['all', 'most', 'right']","[9, 9, 9, 9, 9]",3,28,52
1,"['none', 'all', 'right']","[0, 0, 0, 0, 0]",15,6,52
0,"['most', 'most', 'wrong']","[3, 3, 3, 0, 0]",19,21,52
0,"['some', 'most', 'wrong']","[9, 9, 3, 3, 3]",0,13,52
0,"['most', 'most', 'wrong']","[3, 3, 3, 3, 3]",7,21,52
0,"['some', 'most', 'wrong']","[12, 12, 3, 3, 3]",10,13,52
1,"['all', 'most', 'right']","[12, 12, 12, 9, 9]",16,28,52
1,"['some', 'most', 'right']","[9, 9, 9, 0, 0]",2,12,52
0,"['some', 'all', 'wrong']","[12, 12, 9, 0, 0]",5,15,52
0,"['some', 'most', 'wrong']","[9, 9, 3, 0, 0]",17,13,52
1,"['some', 'all', 'right']","[12, 12, 12, 0, 0]",18,14,52
0,"['all', 'all', 'right']","[12, 12, 12, 12, 12]",1,30,52
0,"['most', 'all', 'wrong']","[12, 12, 0, 0, 0]",4,23,52
1,"['most', 'most', 'right']","[9, 9, 9, 3, 3]",13,20,52
0,"['some', 'most', 'wrong']","[12, 12, 9, 3, 3]",9,13,52
1,"['some', 'all', 'right']","[12, 12, 3, 0, 0]",11,14,52
1,"['most', 'all', 'right']","[12, 12, 12, 3, 3]",8,22,52
1,"['some', 'some', 'right']","[12, 12, 12, 0, 0]",18,10,43
1,"['some', 'some', 'right']","[9, 9, 9, 0, 0]",2,10,43
1,"['all', 'all', 'wrong']","[0, 0, 0, 0, 0]",15,31,43
0,"['most', 'most', 'right']","[9, 9, 9, 9, 9]",3,20,43
1,"['some', 'some', 'right']","[9, 9, 3, 0, 0]",17,10,43
0,"['some', 'most', 'wrong']","[12, 12, 3, 0, 0]",11,13,43
0,"['most', 'some', 'right']","[12, 12, 3, 3, 3]",10,18,43
0,"['all', 'all', 'right']","[12, 12, 12, 12, 12]",1,30,43
1,"['most', 'most', 'wrong']","[9, 9, 0, 0, 0]",14,21,43
1,"['most', 'most', 'wrong']","[3, 3, 3, 0, 0]",19,21,43
1,"['some', 'some', 'right']","[12, 12, 9, 0, 0]",5,10,43
1,"['all', 'some', 'right']","[3, 3, 3, 3, 3]",7,26,43
0,"['some', 'most', 'right']","[12, 12, 12, 3, 3]",8,12,43
0,"['most', 'most', 'right']","[12, 12, 12, 9, 9]",16,20,43
0,"['most', 'most', 'wrong']","[3, 3, 0, 0, 0]",12,21,43
0,"['most', 'most', 'right']","[12, 12, 9, 9, 9]",6,20,43
0,"['most', 'some', 'wrong']","[9, 9, 3, 3, 3]",0,19,43
1,"['most', 'some', 'wrong']","[9, 9, 9, 3, 3]",13,19,43
0,"['some', 'some', 'right']","[12, 12, 9, 3, 3]",9,10,43
1,"['most', 'most', 'wrong']","[12, 12, 0, 0, 0]",4,21,43
0,"['all', 'most', 'wrong']","[3, 3, 3, 0, 0]",19,29,49
1,"['all', 'all', 'right']","[12, 12, 12, 12, 12]",1,30,49
0,"['most', 'most', 'wrong']","[9, 9, 3, 3, 3]",0,21,49
1,"['some', 'some', 'right']","[3, 3, 0, 0, 0]",12,10,49
0,"['none', 'all', 'right']","[9, 9, 9, 9, 9]",3,6,49
1,"['some', 'all', 'right']","[12, 12, 3, 3, 3]",10,14,49
1,"['some', 'most', 'right']","[9, 9, 0, 0, 0]",14,12,49
1,"['none', 'all', 'right']","[0, 0, 0, 0, 0]",15,6,49
0,"['some', 'all', 'wrong']","[9, 9, 9, 0, 0]",2,15,49
0,"['most', 'all', 'wrong']","[12, 12, 0, 0, 0]",4,23,49
1,"['most', 'all', 'right']","[12, 12, 12, 0, 0]",18,22,49
1,"['most', 'most', 'right']","[12, 12, 9, 3, 3]",9,20,49
0,"['some', 'all', 'wrong']","[12, 12, 9, 0, 0]",5,15,49
0,"['most', 'most', 'wrong']","[12, 12, 3, 0, 0]",11,21,49
0,"['most', 'some', 'wrong']","[12, 12, 9, 9, 9]",6,19,49
1,"['most', 'all', 'right']","[12, 12, 12, 3, 3]",8,22,49
0,"['all', 'most', 'wrong']","[3, 3, 3, 3, 3]",7,29,49
0,"['none', 'all', 'right']","[9, 9, 9, 3, 3]",13,6,49
1,"['most', 'all', 'right']","[12, 12, 12, 9, 9]",16,22,49
1,"['some', 'most', 'right']","[9, 9, 3, 0, 0]",17,12,49
1,"['most', 'most', 'right']","[12, 12, 9, 3, 3]",9,20,11
1,"['some', 'some', 'right']","[3, 3, 0, 0, 0]",12,10,11
0,"['some', 'all', 'wrong']","[12, 12, 9, 0, 0]",5,15,11
1,"['all', 'some', 'right']","[3, 3, 3, 3, 3]",7,26,11
1,"['some', 'most', 'right']","[9, 9, 0, 0, 0]",14,12,11
1,"['all', 'most', 'right']","[12, 12, 9, 9, 9]",6,28,11
0,"['most', 'most', 'wrong']","[9, 9, 3, 0, 0]",17,21,11
0,"['some', 'all', 'right']","[12, 12, 12, 12, 12]",1,14,11
0,"['most', 'most', 'wrong']","[12, 12, 3, 0, 0]",11,21,11
0,"['some', 'most', 'wrong']","[9, 9, 9, 3, 3]",13,13,11
0,"['all', 'some', 'wrong']","[9, 9, 9, 9, 9]",3,27,11
1,"['most', 'all', 'right']","[12, 12, 12, 3, 3]",8,22,11
0,"['some', 'some', 'wrong']","[12, 12, 12, 9, 9]",16,11,11
0,"['all', 'most', 'wrong']","[3, 3, 3, 0, 0]",19,29,11
1,"['all', 'some', 'right']","[9, 9, 3, 3, 3]",0,26,11
0,"['some', 'all', 'wrong']","[12, 12, 12, 0, 0]",18,15,11
0,"['most', 'most', 'wrong']","[12, 12, 3, 3, 3]",10,21,11
1,"['some', 'all', 'wrong']","[0, 0, 0, 0, 0]",15,15,11
1,"['most', 'most', 'right']","[9, 9, 9, 0, 0]",2,20,11
1,"['some', 'all', 'right']","[12, 12, 0, 0, 0]",4,14,11
0,"['some', 'some', 'right']","[9, 9, 3, 3, 3]",0,10,14
1,"['most', 'most', 'right']","[12, 12, 12, 3, 3]",8,20,14
0,"['all', 'some', 'right']","[3, 3, 3, 3, 3]",7,26,14
1,"['most', 'most', 'right']","[9, 9, 9, 3, 3]",13,20,14
1,"['some', 'all', 'right']","[12, 12, 3, 0, 0]",11,14,14
0,"['some', 'some', 'right']","[9, 9, 0, 0, 0]",14,10,14
1,"['most', 'most', 'right']","[12, 12, 9, 0, 0]",5,20,14
0,"['most', 'some', 'right']","[3, 3, 3, 0, 0]",19,18,14
0,"['all', 'most', 'right']","[9, 9, 9, 9, 9]",3,28,14
1,"['all', 'none', 'right']","[0, 0, 0, 0, 0]",15,24,14
1,"['most', 'all', 'right']","[12, 12, 12, 9, 9]",16,22,14
1,"['some', 'most', 'right']","[12, 12, 3, 3, 3]",10,12,14
0,"['some', 'some', 'right']","[3, 3, 0, 0, 0]",12,10,14
0,"['most', 'most', 'right']","[12, 12, 12, 0, 0]",18,20,14
1,"['most', 'most', 'right']","[9, 9, 9, 0, 0]",2,20,14
0,"['some', 'most', 'right']","[12, 12, 0, 0, 0]",4,12,14
1,"['most', 'most', 'right']","[12, 12, 9, 3, 3]",9,20,14
0,"['some', 'some', 'wrong']","[12, 12, 9, 9, 9]",6,11,14
1,"['some', 'most', 'right']","[9, 9, 3, 0, 0]",17,12,14
0,"['all', 'all', 'right']","[12, 12, 12, 12, 12]",1,30,14
0,"['some', 'most', 'wrong']","[12, 12, 12, 3, 3]",8,13,18
0,"['some', 'all', 'wrong']","[12, 12, 9, 0, 0]",5,15,18
1,"['most', 'some', 'wrong']","[9, 9, 3, 0, 0]",17,19,18
1,"['some', 'most', 'right']","[9, 9, 3, 3, 3]",0,12,18
1,"['some', 'most', 'right']","[9, 9, 0, 0, 0]",14,12,18
0,"['some', 'all', 'wrong']","[12, 12, 3, 0, 0]",11,15,18
1,"['none', 'all', 'right']","[0, 0, 0, 0, 0]",15,6,18
1,"['most', 'most', 'right']","[9, 9, 9, 0, 0]",2,20,18
1,"['some', 'some', 'wrong']","[3, 3, 3, 3, 3]",7,11,18
1,"['some', 'some', 'wrong']","[12, 12, 0, 0, 0]",4,11,18
1,"['none', 'all', 'right']","[3, 3, 0, 0, 0]",12,6,18
0,"['some', 'some', 'wrong']","[12, 12, 3, 3, 3]",10,11,18
0,"['most', 'some', 'right']","[12, 12, 12, 12, 12]",1,18,18
0,"['some', 'some', 'right']","[12, 12, 12, 9, 9]",16,10,18
0,"['most', 'most', 'wrong']","[3, 3, 3, 0, 0]",19,21,18
0,"['some', 'some', 'wrong']","[12, 12, 12, 0, 0]",18,11,18
1,"['some', 'most', 'right']","[9, 9, 9, 0, 0]",2,12,72
1,"['some', 'some', 'wrong']","[0, 0, 0, 0, 0]",15,11,72
0,"['some', 'all', 'wrong']","[12, 12, 9, 0, 0]",5,15,72
1,"['most', 'most', 'right']","[12, 12, 9, 9, 9]",6,20,72
0,"['most', 'most', 'wrong']","[3, 3, 3, 0, 0]",19,21,72
1,"['some', 'most', 'right']","[9, 9, 3, 0, 0]",17,12,72
0,"['some', 'most', 'wrong']","[12, 12, 3, 3, 3]",10,13,72
1,"['some', 'all', 'right']","[12, 12, 3, 0, 0]",11,14,72
0,"['most', 'all', 'wrong']","[12, 12, 0, 0, 0]",4,23,72
1,"['some', 'most', 'right']","[12, 12, 9, 3, 3]",9,12,72
0,"['all', 'most', 'wrong']","[3, 3, 3, 3, 3]",7,29,72
1,"['most', 'all', 'right']","[12, 12, 12, 3, 3]",8,22,72
1,"['some', 'most', 'right']","[9, 9, 0, 0, 0]",14,12,72
1,"['some', 'most', 'right']","[9, 9, 9, 3, 3]",13,12,72
0,"['some', 'some', 'wrong']","[12, 12, 12, 9, 9]",16,11,72
0,"['some', 'all', 'wrong']","[12, 12, 12, 0, 0]",18,15,72
0,"['some', 'most', 'wrong']","[9, 9, 3, 3, 3]",0,13,72
0,"['most', 'all', 'wrong']","[3, 3, 0, 0, 0]",12,23,72
0,"['some', 'all', 'right']","[12, 12, 12, 12, 12]",1,14,72
1,"['most', 'most', 'right']","[9, 9, 9, 9, 9]",3,20,72
0,"['all', 'most', 'wrong']","[3, 3, 3, 3, 3]",7,29,67
0,"['some', 'all', 'wrong']","[9, 9, 3, 0, 0]",17,15,67
1,"['all', 'some', 'right']","[9, 9, 3, 3, 3]",0,26,67
1,"['some', 'some', 'right']","[3, 3, 0, 0, 0]",12,10,67
1,"['most', 'most', 'right']","[9, 9, 9, 0, 0]",2,20,67
0,"['some', 'some', 'wrong']","[12, 12, 12, 9, 9]",16,11,67
0,"['some', 'most', 'wrong']","[12, 12, 3, 3, 3]",10,13,67
1,"['some', 'some', 'right']","[3, 3, 3, 0, 0]",19,10,67
1,"['all', 'all', 'right']","[12, 12, 12, 12, 12]",1,30,67
0,"['some', 'most', 'wrong']","[12, 12, 12, 3, 3]",8,13,67
0,"['some', 'all', 'wrong']","[12, 12, 3, 0, 0]",11,15,67
1,"['some', 'all', 'right']","[12, 12, 0, 0, 0]",4,14,67
1,"['all', 'some', 'right']","[9, 9, 9, 3, 3]",13,26,67
0,"['some', 'most', 'wrong']","[12, 12, 9, 3, 3]",9,13,67
0,"['some', 'all', 'wrong']","[12, 12, 12, 0, 0]",18,15,67
1,"['none', 'all', 'right']","[0, 0, 0, 0, 0]",15,6,67
0,"['most', 'most', 'wrong']","[9, 9, 0, 0, 0]",14,21,67
1,"['some', 'all', 'right']","[12, 12, 9, 0, 0]",5,14,67
0,"['none', 'all', 'right']","[9, 9, 9, 9, 9]",3,6,67
1,"['most', 'most', 'right']","[12, 12, 9, 9, 9]",6,20,67
1,"['some', 'most', 'right']","[9, 9, 0, 0, 0]",14,12,21
1,"['most', 'most', 'right']","[9, 9, 9, 3, 3]",13,20,21
1,"['most', 'most', 'right']","[12, 12, 9, 0, 0]",5,20,21
1,"['some', 'some', 'right']","[3, 3, 0, 0, 0]",12,10,21
1,"['some', 'some', 'right']","[3, 3, 3, 0, 0]",19,10,21
1,"['some', 'most', 'right']","[9, 9, 9, 0, 0]",2,12,21
0,"['some', 'all', 'wrong']","[12, 12, 12, 0, 0]",18,15,21
0,"['all', 'some', 'wrong']","[9, 9, 9, 9, 9]",3,27,21
0,"['some', 'some', 'wrong']","[12, 12, 12, 9, 9]",16,11,21
0,"['none', 'all', 'right']","[9, 9, 3, 3, 3]",0,6,21
0,"['most', 'most', 'wrong']","[12, 12, 3, 3, 3]",10,21,21
1,"['some', 'all', 'right']","[12, 12, 3, 0, 0]",11,14,21
1,"['some', 'all', 'wrong']","[0, 0, 0, 0, 0]",15,15,21
0,"['some', 'most', 'wrong']","[12, 12, 12, 3, 3]",8,13,21
0,"['most', 'all', 'wrong']","[12, 12, 0, 0, 0]",4,23,21
1,"['none', 'all', 'right']","[3, 3, 3, 3, 3]",7,6,21
1,"['most', 'most', 'right']","[12, 12, 9, 3, 3]",9,20,21
0,"['some', 'some', 'wrong']","[12, 12, 9, 9, 9]",6,11,21
0,"['most', 'most', 'wrong']","[9, 9, 3, 0, 0]",17,21,21
1,"['some', 'all', 'right']","[12, 12, 3, 3, 3]",10,14,33
0,"['none', 'all', 'right']","[3, 3, 3, 3, 3]",7,6,33
1,"['most', 'most', 'wrong']","[9, 9, 0, 0, 0]",14,21,33
0,"['most', 'most', 'right']","[12, 12, 9, 9, 9]",6,20,33
1,"['some', 'all', 'right']","[12, 12, 12, 0, 0]",18,14,33
0,"['most', 'all', 'wrong']","[3, 3, 0, 0, 0]",12,23,33
0,"['all', 'all', 'right']","[12, 12, 12, 12, 12]",1,30,33
1,"['some', 'most', 'right']","[9, 9, 3, 3, 3]",0,12,33
0,"['some', 'all', 'wrong']","[9, 9, 9, 0, 0]",2,15,33
1,"['some', 'all', 'right']","[12, 12, 12, 3, 3]",8,14,33
0,"['most', 'most', 'right']","[12, 12, 9, 3, 3]",9,20,33
0,"['some', 'all', 'right']","[12, 12, 3, 0, 0]",11,14,33
1,"['all', 'all', 'wrong']","[0, 0, 0, 0, 0]",15,31,33
0,"['all', 'most', 'right']","[9, 9, 9, 9, 9]",3,28,33
1,"['some', 'some', 'right']","[9, 9, 3, 0, 0]",17,10,33
1,"['most', 'some', 'right']","[9, 9, 9, 3, 3]",13,18,33
0,"['most', 'most', 'wrong']","[3, 3, 3, 0, 0]",19,21,33
1,"['some', 'all', 'wrong']","[12, 12, 0, 0, 0]",4,15,33
0,"['all', 'most', 'right']","[12, 12, 12, 9, 9]",16,28,33
1,"['some', 'all', 'right']","[12, 12, 9, 0, 0]",5,14,33
0,"['some', 'all', 'right']","[12, 12, 3, 0, 0]",11,14,51
0,"['most', 'most', 'right']","[9, 9, 9, 9, 9]",3,20,51
0,"['most', 'all', 'wrong']","[3, 3, 0, 0, 0]",12,23,51
1,"['most', 'most', 'wrong']","[9, 9, 3, 3, 3]",0,21,51
1,"['all', 'all', 'right']","[12, 12, 12, 12, 12]",1,30,51
0,"['most', 'all', 'right']","[12, 12, 12, 0, 0]",18,22,51
1,"['most', 'most', 'right']","[12, 12, 9, 9, 9]",6,20,51
0,"['most', 'most', 'right']","[9, 9, 9, 0, 0]",2,20,51
0,"['most', 'most', 'wrong']","[3, 3, 3, 0, 0]",19,21,51
0,"['some', 'all', 'right']","[12, 12, 3, 3, 3]",10,14,51
0,"['some', 'all', 'right']","[12, 12, 9, 0, 0]",5,14,51
1,"['some', 'most', 'wrong']","[9, 9, 3, 0, 0]",17,13,51
1,"['all', 'most', 'right']","[12, 12, 12, 9, 9]",16,28,51
0,"['some', 'most', 'right']","[12, 12, 9, 3, 3]",9,12,51
1,"['all', 'some', 'right']","[9, 9, 9, 3, 3]",13,26,51
1,"['all', 'some', 'right']","[3, 3, 3, 3, 3]",7,26,51
1,"['most', 'all', 'wrong']","[9, 9, 0, 0, 0]",14,23,51
0,"['some', 'all', 'wrong']","[12, 12, 0, 0, 0]",4,15,51
1,"['all', 'all', 'wrong']","[0, 0, 0, 0, 0]",15,31,51
1,"['some', 'all', 'right']","[12, 12, 12, 3, 3]",8,14,51
1,"['most', 'all', 'right']","[12, 12, 12, 3, 3]",8,22,2
0,"['all', 'some', 'wrong']","[9, 9, 3, 0, 0]",17,27,2
0,"['most', 'some', 'wrong']","[12, 12, 3, 0, 0]",11,19,2
1,"['all', 'some', 'right']","[3, 3, 3, 3, 3]",7,26,2
0,"['all', 'most', 'right']","[12, 12, 12, 12, 12]",1,28,2
1,"['most', 'most', 'right']","[12, 12, 9, 3, 3]",9,20,2
0,"['some', 'all', 'wrong']","[12, 12, 9, 0, 0]",5,15,2
1,"['some', 'all', 'right']","[12, 12, 3, 3, 3]",10,14,2
1,"['most', 'all', 'right']","[12, 12, 12, 0, 0]",18,22,2
1,"['most', 'some', 'right']","[3, 3, 3, 0, 0]",19,18,2
0,"['most', 'all', 'wrong']","[12, 12, 0, 0, 0]",4,23,2
0,"['all', 'all', 'wrong']","[0, 0, 0, 0, 0]",15,31,2
0,"['all', 'most', 'wrong']","[3, 3, 0, 0, 0]",12,29,2
1,"['most', 'most', 'right']","[9, 9, 9, 0, 0]",2,20,2
0,"['most', 'some', 'wrong']","[12, 12, 9, 9, 9]",6,19,2
1,"['all', 'most', 'right']","[12, 12, 12, 9, 9]",16,28,2
1,"['most', 'most', 'right']","[9, 9, 9, 3, 3]",13,20,2
0,"['most', 'all', 'wrong']","[9, 9, 0, 0, 0]",14,23,2
0,"['all', 'some', 'wrong']","[9, 9, 9, 9, 9]",3,27,2
1,"['all', 'some', 'right']","[9, 9, 3, 3, 3]",0,26,2
1,"['some', 'some', 'right']","[3, 3, 0, 0, 0]",12,10,19
1,"['some', 'most', 'right']","[9, 9, 3, 3, 3]",0,12,19
0,"['most', 'all', 'wrong']","[9, 9, 0, 0, 0]",14,23,19
1,"['most', 'most', 'right']","[9, 9, 9, 0, 0]",2,20,19
1,"['most', 'all', 'right']","[12, 12, 12, 0, 0]",18,22,19
0,"['some', 'most', 'wrong']","[12, 12, 9, 3, 3]",9,13,19
0,"['all', 'all', 'wrong']","[0, 0, 0, 0, 0]",15,31,19
1,"['most', 'some', 'right']","[3, 3, 3, 3, 3]",7,18,19
0,"['some', 'most', 'wrong']","[12, 12, 12, 3, 3]",8,13,19
1,"['most', 'some', 'right']","[3, 3, 3, 0, 0]",19,18,19
0,"['most', 'most', 'wrong']","[12, 12, 3, 3, 3]",10,21,19
0,"['most', 'all', 'wrong']","[12, 12, 0, 0, 0]",4,23,19
1,"['most', 'most', 'right']","[9, 9, 9, 3, 3]",13,20,19
0,"['most', 'some', 'wrong']","[12, 12, 9, 9, 9]",6,19,19
1,"['all', 'all', 'right']","[12, 12, 12, 12, 12]",1,30,19
1,"['all', 'most', 'right']","[9, 9, 9, 9, 9]",3,28,19
1,"['most', 'all', 'right']","[12, 12, 12, 9, 9]",16,22,19
0,"['some', 'all', 'wrong']","[12, 12, 9, 0, 0]",5,15,19
0,"['some', 'all', 'wrong']","[9, 9, 3, 0, 0]",17,15,19
0,"['some', 'all', 'wrong']","[12, 12, 3, 0, 0]",11,15,19
1,"['all', 'all', 'right']","[12, 12, 12, 12, 12]",1,30,27
0,"['most', 'none', 'right']","[12, 12, 0, 0, 0]",4,16,27
0,"['some', 'none', 'right']","[12, 12, 12, 0, 0]",18,8,27
1,"['most', 'most', 'right']","[12, 12, 9, 9, 9]",6,20,27
0,"['all', 'most', 'right']","[9, 9, 9, 9, 9]",3,28,27
1,"['some', 'all', 'right']","[12, 12, 3, 3, 3]",10,14,27
0,"['some', 'some', 'wrong']","[12, 12, 12, 9, 9]",16,11,27
0,"['all', 'most', 'wrong']","[3, 3, 3, 3, 3]",7,29,27
1,"['some', 'most', 'right']","[9, 9, 9, 3, 3]",13,12,27
0,"['all', 'none', 'right']","[0, 0, 0, 0, 0]",15,24,27
1,"['some', 'some', 'right']","[3, 3, 3, 0, 0]",19,10,27
1,"['some', 'all', 'right']","[12, 12, 3, 0, 0]",11,14,27
0,"['some', 'most', 'wrong']","[12, 12, 12, 3, 3]",8,13,27
1,"['most', 'most', 'right']","[12, 12, 9, 0, 0]",5,20,27
1,"['some', 'most', 'right']","[9, 9, 0, 0, 0]",14,12,27
1,"['none', 'all', 'right']","[3, 3, 0, 0, 0]",12,6,27
1,"['most', 'some', 'right']","[9, 9, 3, 3, 3]",0,18,27
1,"['none', 'all', 'right']","[0, 0, 0, 0, 0]",15,6,35
1,"['all', 'some', 'right']","[3, 3, 3, 3, 3]",7,26,35
0,"['some', 'all', 'wrong']","[12, 12, 3, 0, 0]",11,15,35
0,"['some', 'some', 'wrong']","[12, 12, 12, 9, 9]",16,11,35
0,"['some', 'most', 'wrong']","[12, 12, 9, 3, 3]",9,13,35
0,"['most', 'all', 'wrong']","[12, 12, 0, 0, 0]",4,23,35
0,"['all', 'some', 'wrong']","[9, 9, 9, 9, 9]",3,27,35
1,"['some', 'all', 'right']","[12, 12, 3, 3, 3]",10,14,35
1,"['most', 'all', 'right']","[12, 12, 12, 0, 0]",18,22,35
1,"['some', 'most', 'right']","[9, 9, 0, 0, 0]",14,12,35
0,"['most', 'most', 'wrong']","[9, 9, 3, 3, 3]",0,21,35
1,"['most', 'most', 'right']","[9, 9, 9, 3, 3]",13,20,35
1,"['some', 'most', 'right']","[9, 9, 3, 0, 0]",17,12,35
1,"['most', 'most', 'right']","[9, 9, 9, 0, 0]",2,20,35
0,"['some', 'all', 'wrong']","[12, 12, 9, 0, 0]",5,15,35
0,"['all', 'most', 'wrong']","[3, 3, 3, 0, 0]",19,29,35
0,"['some', 'most', 'wrong']","[12, 12, 12, 3, 3]",8,13,35
1,"['all', 'all', 'right']","[12, 12, 12, 12, 12]",1,30,35
0,"['some', 'some', 'wrong']","[12, 12, 9, 9, 9]",6,11,35
1,"['some', 'some', 'right']","[3, 3, 0, 0, 0]",12,10,35
1,"['all', 'most', 'right']","[12, 12, 9, 9, 9]",6,28,12
1,"['all', 'all', 'right']","[12, 12, 12, 12, 12]",1,30,12
1,"['some', 'most', 'right']","[9, 9, 3, 0, 0]",17,12,12
0,"['most', 'most', 'wrong']","[12, 12, 3, 0, 0]",11,21,12
0,"['some', 'most', 'wrong']","[12, 12, 12, 3, 3]",8,13,12
0,"['all', 'some', 'wrong']","[9, 9, 9, 9, 9]",3,27,12
0,"['most', 'most', 'wrong']","[12, 12, 3, 3, 3]",10,21,12
0,"['all', 'most', 'wrong']","[3, 3, 0, 0, 0]",12,29,12
0,"['most', 'all', 'wrong']","[12, 12, 0, 0, 0]",4,23,12
1,"['some', 'most', 'right']","[9, 9, 3, 3, 3]",0,12,12
0,"['all', 'all', 'wrong']","[0, 0, 0, 0, 0]",15,31,12
1,"['most', 'all', 'right']","[12, 12, 12, 9, 9]",16,22,12
0,"['some', 'all', 'wrong']","[12, 12, 12, 0, 0]",18,15,12
0,"['most', 'all', 'wrong']","[9, 9, 0, 0, 0]",14,23,12
0,"['all', 'most', 'wrong']","[3, 3, 3, 3, 3]",7,29,12
1,"['most', 'most', 'right']","[9, 9, 9, 3, 3]",13,20,12
1,"['most', 'most', 'right']","[12, 12, 9, 0, 0]",5,20,12
1,"['most', 'most', 'right']","[12, 12, 9, 3, 3]",9,20,12
1,"['most', 'most', 'right']","[9, 9, 9, 0, 0]",2,20,12
1,"['some', 'some', 'right']","[3, 3, 3, 0, 0]",19,10,12
1,"['most', 'most', 'right']","[9, 9, 9, 0, 0]",2,20,46
0,"['most', 'some', 'wrong']","[12, 12, 9, 9, 9]",6,19,46
0,"['most', 'most', 'wrong']","[12, 12, 3, 0, 0]",11,21,46
1,"['all', 'all', 'right']","[12, 12, 12, 12, 12]",1,30,46
0,"['most', 'most', 'wrong']","[3, 3, 3, 0, 0]",19,21,46
1,"['some', 'most', 'right']","[9, 9, 3, 0, 0]",17,12,46
1,"['some', 'all', 'right']","[12, 12, 9, 0, 0]",5,14,46
1,"['some', 'all', 'right']","[12, 12, 9, 3, 3]",9,14,46
0,"['some', 'most', 'wrong']","[12, 12, 12, 3, 3]",8,13,46
0,"['most', 'most', 'wrong']","[9, 9, 3, 3, 3]",0,21,46
1,"['some', 'all', 'right']","[12, 12, 0, 0, 0]",4,14,46
0,"['none', 'all', 'right']","[9, 9, 9, 3, 3]",13,6,46
0,"['most', 'most', 'wrong']","[12, 12, 3, 3, 3]",10,21,46
1,"['some', 'some', 'right']","[3, 3, 3, 3, 3]",7,10,46
1,"['none', 'all', 'right']","[0, 0, 0, 0, 0]",15,6,46
0,"['none', 'all', 'right']","[9, 9, 9, 9, 9]",3,6,46
1,"['most', 'most', 'right']","[12, 12, 12, 0, 0]",18,20,46
0,"['most', 'most', 'wrong']","[3, 3, 0, 0, 0]",12,21,46
1,"['most', 'most', 'right']","[12, 12, 12, 9, 9]",16,20,46
1,"['some', 'all', 'right']","[12, 12, 3, 3, 3]",10,14,30
0,"['some', 'all', 'wrong']","[12, 12, 9, 0, 0]",5,15,30
0,"['all', 'some', 'right']","[9, 9, 9, 3, 3]",13,26,30
0,"['most', 'some', 'wrong']","[9, 9, 3, 3, 3]",0,19,30
1,"['most', 'some', 'right']","[9, 9, 9, 0, 0]",2,18,30
1,"['most', 'most', 'right']","[12, 12, 12, 3, 3]",8,20,30
0,"['some', 'some', 'wrong']","[12, 12, 9, 3, 3]",9,11,30
0,"['most', 'all', 'wrong']","[12, 12, 0, 0, 0]",4,23,30
1,"['some', 'some', 'right']","[9, 9, 3, 0, 0]",17,10,30
1,"['most', 'some', 'right']","[12, 12, 9, 9, 9]",6,18,30
0,"['some', 'some', 'wrong']","[12, 12, 12, 9, 9]",16,11,30
0,"['all', 'some', 'wrong']","[9, 9, 9, 9, 9]",3,27,30
0,"['some', 'some', 'wrong']","[12, 12, 12, 0, 0]",18,11,30
0,"['all', 'all', 'wrong']","[0, 0, 0, 0, 0]",15,31,30
0,"['most', 'most', 'wrong']","[9, 9, 0, 0, 0]",14,21,30
1,"['some', 'some', 'wrong']","[3, 3, 0, 0, 0]",12,11,30
1,"['all', 'all', 'right']","[12, 12, 12, 12, 12]",1,30,30
1,"['most', 'some', 'right']","[12, 12, 3, 0, 0]",11,18,30
1,"['some', 'some', 'right']","[3, 3, 3, 0, 0]",19,10,30
1,"['all', 'some', 'right']","[3, 3, 3, 3, 3]",7,26,30
0,"['some', 'all', 'right']","[12, 12, 12, 3, 3]",8,14,48
1,"['all', 'some', 'right']","[3, 3, 3, 3, 3]",7,26,48
1,"['some', 'all', 'right']","[12, 12, 0, 0, 0]",4,14,48
1,"['most', 'most', 'right']","[12, 12, 9, 0, 0]",5,20,48
0,"['all', 'some', 'right']","[12, 12, 3, 3, 3]",10,26,48
0,"['all', 'all', 'wrong']","[0, 0, 0, 0, 0]",15,31,48
1,"['all', 'most', 'right']","[12, 12, 12, 9, 9]",16,28,48
1,"['some', 'most', 'right']","[12, 12, 9, 3, 3]",9,12,48
1,"['all', 'most', 'right']","[9, 9, 9, 9, 9]",3,28,48
0,"['some', 'most', 'right']","[9, 9, 0, 0, 0]",14,12,48
0,"['some', 'some', 'right']","[3, 3, 0, 0, 0]",12,10,48
0,"['some', 'all', 'right']","[12, 12, 12, 0, 0]",18,14,48
0,"['all', 'most', 'right']","[12, 12, 9, 9, 9]",6,28,48
0,"['all', 'some', 'right']","[9, 9, 9, 3, 3]",13,26,48
0,"['some', 'some', 'right']","[9, 9, 3, 0, 0]",17,10,48
1,"['some', 'most', 'right']","[12, 12, 3, 0, 0]",11,12,48
1,"['all', 'some', 'right']","[9, 9, 3, 3, 3]",0,26,48
0,"['some', 'some', 'right']","[3, 3, 3, 0, 0]",19,10,48
1,"['all', 'all', 'right']","[12, 12, 12, 12, 12]",1,30,48
1,"['some', 'most', 'right']","[9, 9, 9, 0, 0]",2,12,48
1,"['some', 'most', 'right']","[9, 9, 3, 3, 3]",0,12,25
0,"['some', 'most', 'wrong']","[12, 12, 9, 3, 3]",9,13,25
0,"['some', 'most', 'right']","[12, 12, 12, 12, 12]",1,12,25
1,"['most', 'most', 'right']","[9, 9, 9, 3, 3]",13,20,25
0,"['most', 'all', 'wrong']","[3, 3, 0, 0, 0]",12,23,25
1,"['some', 'all', 'right']","[12, 12, 3, 3, 3]",10,14,25
1,"['some', 'most', 'right']","[9, 9, 0, 0, 0]",14,12,25
0,"['most', 'most', 'wrong']","[3, 3, 3, 3, 3]",7,21,25
0,"['some', 'all', 'wrong']","[9, 9, 3, 0, 0]",17,15,25
1,"['all', 'most', 'right']","[12, 12, 9, 9, 9]",6,28,25
1,"['some', 'all', 'right']","[12, 12, 3, 0, 0]",11,14,25
0,"['most', 'all', 'wrong']","[12, 12, 0, 0, 0]",4,23,25
0,"['some', 'most', 'wrong']","[12, 12, 12, 3, 3]",8,13,25
1,"['most', 'all', 'right']","[12, 12, 12, 0, 0]",18,22,25
0,"['some', 'some', 'wrong']","[12, 12, 12, 9, 9]",16,11,25
1,"['most', 'most', 'right']","[9, 9, 9, 0, 0]",2,20,25
1,"['all', 'none', 'right']","[0, 0, 0, 0, 0]",15,24,25
0,"['all', 'some', 'wrong']","[9, 9, 9, 9, 9]",3,27,25
1,"['some', 'some', 'right']","[3, 3, 3, 0, 0]",19,10,25
0,"['some', 'all', 'wrong']","[12, 12, 9, 0, 0]",5,15,25
1,"['some', 'some', 'right']","[3, 3, 0, 0, 0]",12,10,32
0,"['most', 'most', 'wrong']","[12, 12, 3, 3, 3]",10,21,32
0,"['all', 'all', 'right']","[12, 12, 12, 12, 12]",1,30,32
1,"['most', 'most', 'right']","[9, 9, 9, 3, 3]",13,20,32
0,"['most', 'most', 'wrong']","[12, 12, 3, 0, 0]",11,21,32
1,"['most', 'most', 'right']","[12, 12, 12, 9, 9]",16,20,32
0,"['most', 'most', 'wrong']","[12, 12, 0, 0, 0]",4,21,32
0,"['some', 'some', 'wrong']","[12, 12, 12, 0, 0]",18,11,32
1,"['some', 'some', 'right']","[9, 9, 3, 3, 3]",0,10,32
1,"['most', 'most', 'right']","[12, 12, 9, 3, 3]",9,20,32
1,"['most', 'most', 'right']","[12, 12, 9, 9, 9]",6,20,32
1,"['some', 'some', 'right']","[9, 9, 0, 0, 0]",14,10,32
0,"['most', 'most', 'wrong']","[3, 3, 3, 0, 0]",19,21,32
0,"['some', 'some', 'wrong']","[9, 9, 9, 9, 9]",3,11,32
1,"['most', 'most', 'right']","[12, 12, 9, 0, 0]",5,20,32
0,"['most', 'most', 'wrong']","[9, 9, 3, 0, 0]",17,21,32
0,"['all', 'all', 'wrong']","[0, 0, 0, 0, 0]",15,31,32
1,"['some', 'some', 'right']","[3, 3, 3, 3, 3]",7,10,32
1,"['most', 'most', 'right']","[12, 12, 12, 3, 3]",8,20,32
1,"['most', 'most', 'right']","[9, 9, 9, 3, 3]",13,20,4
0,"['some', 'none', 'right']","[12, 12, 12, 0, 0]",18,8,4
0,"['most', 'most', 'wrong']","[3, 3, 3, 3, 3]",7,21,4
1,"['most', 'most', 'right']","[9, 9, 9, 0, 0]",2,20,4
1,"['most', 'all', 'right']","[12, 12, 12, 9, 9]",16,22,4
0,"['some', 'all', 'wrong']","[12, 12, 3, 0, 0]",11,15,4
1,"['some', 'some', 'wrong']","[0, 0, 0, 0, 0]",15,11,4
0,"['most', 'most', 'wrong']","[9, 9, 3, 3, 3]",0,21,4
1,"['some', 'all', 'right']","[12, 12, 9, 0, 0]",5,14,4
1,"['some', 'some', 'right']","[3, 3, 0, 0, 0]",12,10,4
1,"['all', 'all', 'right']","[12, 12, 12, 12, 12]",1,30,4
1,"['most', 'most', 'right']","[12, 12, 9, 3, 3]",9,20,4
0,"['most', 'all', 'wrong']","[12, 12, 0, 0, 0]",4,23,4
0,"['some', 'most', 'wrong']","[12, 12, 12, 3, 3]",8,13,4
0,"['most', 'most', 'wrong']","[3, 3, 3, 0, 0]",19,21,4
0,"['some', 'some', 'wrong']","[12, 12, 9, 9, 9]",6,11,4
0,"['most', 'all', 'wrong']","[9, 9, 0, 0, 0]",14,23,4
1,"['some', 'all', 'right']","[12, 12, 3, 3, 3]",10,14,4
0,"['all', 'some', 'wrong']","[9, 9, 3, 0, 0]",17,27,4
1,"['all', 'most', 'right']","[9, 9, 9, 9, 9]",3,28,4
0,"['most', 'most', 'right']","[9, 9, 9, 9, 9]",3,20,59
0,"['some', 'all', 'right']","[12, 12, 3, 3, 3]",10,14,59
1,"['some', 'all', 'right']","[12, 12, 0, 0, 0]",4,14,59
1,"['most', 'most', 'right']","[9, 9, 9, 3, 3]",13,20,59
0,"['some', 'some', 'right']","[3, 3, 0, 0, 0]",12,10,59
1,"['all', 'none', 'right']","[0, 0, 0, 0, 0]",15,24,59
0,"['some', 'some', 'right']","[3, 3, 3, 0, 0]",19,10,59
1,"['some', 'most', 'right']","[9, 9, 3, 3, 3]",0,12,59
1,"['most', 'most', 'right']","[12, 12, 9, 3, 3]",9,20,59
0,"['some', 'all', 'right']","[12, 12, 12, 3, 3]",8,14,59
0,"['some', 'some', 'right']","[3, 3, 3, 3, 3]",7,10,59
0,"['most', 'all', 'right']","[12, 12, 12, 0, 0]",18,22,59
1,"['most', 'all', 'right']","[12, 12, 12, 9, 9]",16,22,59
0,"['some', 'most', 'right']","[9, 9, 3, 0, 0]",17,12,59
1,"['most', 'most', 'right']","[9, 9, 9, 0, 0]",2,20,59
1,"['some', 'most', 'right']","[9, 9, 0, 0, 0]",14,12,59
1,"['some', 'all', 'right']","[12, 12, 9, 9, 9]",6,14,59
0,"['some', 'all', 'right']","[12, 12, 9, 0, 0]",5,14,59
0,"['some', 'all', 'right']","[12, 12, 3, 0, 0]",11,14,59
1,"['all', 'all', 'right']","[12, 12, 12, 12, 12]",1,30,59
0,"['most', 'all', 'wrong']","[12, 12, 0, 0, 0]",4,23,23
0,"['most', 'most', 'wrong']","[12, 12, 3, 0, 0]",11,21,23
1,"['some', 'some', 'right']","[3, 3, 3, 0, 0]",19,10,23
1,"['some', 'most', 'right']","[9, 9, 0, 0, 0]",14,12,23
0,"['some', 'some', 'right']","[12, 12, 12, 12, 12]",1,10,23
1,"['all', 'most', 'right']","[12, 12, 12, 9, 9]",16,28,23
1,"['some', 'most', 'right']","[9, 9, 3, 3, 3]",0,12,23
1,"['some', 'some', 'wrong']","[0, 0, 0, 0, 0]",15,11,23
0,"['some', 'all', 'wrong']","[9, 9, 9, 0, 0]",2,15,23
0,"['some', 'most', 'wrong']","[12, 12, 12, 3, 3]",8,13,23
1,"['most', 'most', 'right']","[12, 12, 9, 0, 0]",5,20,23
0,"['all', 'some', 'wrong']","[9, 9, 3, 0, 0]",17,27,23
1,"['all', 'most', 'right']","[12, 12, 9, 9, 9]",6,28,23
0,"['all', 'some', 'wrong']","[9, 9, 9, 9, 9]",3,27,23
0,"['all', 'most', 'wrong']","[3, 3, 0, 0, 0]",12,29,23
0,"['some', 'most', 'wrong']","[12, 12, 9, 3, 3]",9,13,23
1,"['most', 'all', 'right']","[12, 12, 12, 0, 0]",18,22,23
1,"['some', 'all', 'right']","[12, 12, 3, 3, 3]",10,14,23
1,"['most', 'most', 'right']","[9, 9, 9, 3, 3]",13,20,23
0,"['all', 'most', 'wrong']","[3, 3, 3, 3, 3]",7,29,23
0,"['some', 'most', 'right']","[9, 9, 0, 0, 0]",14,12,1
1,"['all', 'all', 'right']","[12, 12, 12, 12, 12]",1,30,1
1,"['some', 'all', 'wrong']","[0, 0, 0, 0, 0]",15,15,1
1,"['some', 'all', 'right']","[12, 12, 9, 3, 3]",9,14,1
0,"['some', 'all', 'wrong']","[12, 12, 12, 0, 0]",18,15,1
0,"['some', 'all', 'wrong']","[12, 12, 3, 0, 0]",11,15,1
1,"['some', 'all', 'right']","[12, 12, 0, 0, 0]",4,14,1
0,"['some', 'all', 'wrong']","[9, 9, 9, 0, 0]",2,15,1
0,"['all', 'some', 'wrong']","[9, 9, 9, 9, 9]",3,27,1
0,"['all', 'most', 'wrong']","[3, 3, 3, 0, 0]",19,29,1
1,"['most', 'all', 'right']","[12, 12, 12, 3, 3]",8,22,1
0,"['some', 'most', 'wrong']","[12, 12, 3, 3, 3]",10,13,1
1,"['most', 'all', 'right']","[12, 12, 12, 9, 9]",16,22,1
1,"['some', 'some', 'right']","[3, 3, 0, 0, 0]",12,10,1
0,"['some', 'all', 'wrong']","[9, 9, 3, 0, 0]",17,15,1
0,"['some', 'some', 'wrong']","[12, 12, 9, 9, 9]",6,11,1
1,"['most', 'most', 'right']","[9, 9, 9, 3, 3]",13,20,1
0,"['some', 'all', 'wrong']","[12, 12, 9, 0, 0]",5,15,1
1,"['all', 'some', 'right']","[3, 3, 3, 3, 3]",7,26,1
1,"['all', 'some', 'right']","[3, 3, 3, 3, 3]",7,26,3
0,"['all', 'all', 'wrong']","[0, 0, 0, 0, 0]",15,31,3
1,"['some', 'most', 'right']","[9, 9, 9, 0, 0]",2,12,3
1,"['all', 'all', 'right']","[12, 12, 12, 12, 12]",1,30,3
0,"['some', 'most', 'wrong']","[12, 12, 3, 3, 3]",10,13,3
0,"['some', 'some', 'wrong']","[12, 12, 12, 9, 9]",16,11,3
0,"['some', 'most', 'wrong']","[12, 12, 12, 3, 3]",8,13,3
1,"['some', 'all', 'right']","[12, 12, 9, 9, 9]",6,14,3
0,"['some', 'all', 'wrong']","[9, 9, 3, 0, 0]",17,15,3
0,"['some', 'all', 'wrong']","[12, 12, 3, 0, 0]",11,15,3
0,"['some', 'most', 'wrong']","[9, 9, 9, 3, 3]",13,13,3
1,"['some', 'most', 'right']","[9, 9, 0, 0, 0]",14,12,3
1,"['some', 'all', 'right']","[12, 12, 9, 0, 0]",5,14,3
0,"['some', 'some', 'wrong']","[9, 9, 9, 9, 9]",3,11,3
1,"['some', 'all', 'right']","[12, 12, 0, 0, 0]",4,14,3
1,"['some', 'some', 'right']","[3, 3, 3, 0, 0]",19,10,3
1,"['some', 'some', 'right']","[3, 3, 0, 0, 0]",12,10,3
0,"['some', 'most', 'wrong']","[12, 12, 9, 3, 3]",9,13,3
0,"['some', 'all', 'wrong']","[12, 12, 12, 0, 0]",18,15,3
1,"['all', 'all', 'right']","[12, 12, 12, 12, 12]",1,30,40
1,"['some', 'some', 'wrong']","[3, 3, 0, 0, 0]",12,11,40
0,"['most', 'most', 'right']","[12, 12, 12, 3, 3]",8,20,40
1,"['some', 'some', 'right']","[9, 9, 0, 0, 0]",14,10,40
1,"['some', 'all', 'wrong']","[9, 9, 9, 0, 0]",2,15,40
0,"['some', 'none', 'right']","[12, 12, 3, 0, 0]",11,8,40
1,"['most', 'most', 'right']","[12, 12, 9, 9, 9]",6,20,40
0,"['most', 'none', 'right']","[12, 12, 0, 0, 0]",4,16,40
1,"['most', 'all', 'right']","[12, 12, 12, 0, 0]",18,22,40
0,"['some', 'all', 'wrong']","[12, 12, 9, 0, 0]",5,15,40
0,"['most', 'most', 'wrong']","[9, 9, 3, 3, 3]",0,21,40
0,"['most', 'most', 'wrong']","[3, 3, 3, 3, 3]",7,21,40
0,"['most', 'most', 'wrong']","[9, 9, 3, 0, 0]",17,21,40
0,"['some', 'most', 'wrong']","[12, 12, 3, 3, 3]",10,13,40
1,"['some', 'most', 'right']","[9, 9, 9, 3, 3]",13,12,40
0,"['some', 'some', 'wrong']","[12, 12, 12, 9, 9]",16,11,40
1,"['most', 'most', 'right']","[9, 9, 9, 9, 9]",3,20,40
1,"['some', 'all', 'right']","[12, 12, 9, 3, 3]",9,14,40
0,"['most', 'some', 'right']","[3, 3, 3, 0, 0]",19,18,40
0,"['most', 'most', 'right']","[12, 12, 9, 3, 3]",9,20,58
0,"['some', 'some', 'wrong']","[12, 12, 3, 0, 0]",11,11,58
0,"['all', 'all', 'right']","[12, 12, 12, 12, 12]",1,30,58
0,"['most', 'most', 'right']","[12, 12, 9, 9, 9]",6,20,58
1,"['most', 'most', 'wrong']","[9, 9, 3, 0, 0]",17,21,58
0,"['most', 'most', 'right']","[12, 12, 9, 0, 0]",5,20,58
0,"['most', 'most', 'right']","[9, 9, 9, 3, 3]",13,20,58
0,"['most', 'most', 'right']","[12, 12, 12, 0, 0]",18,20,58
1,"['most', 'most', 'wrong']","[9, 9, 0, 0, 0]",14,21,58
1,"['some', 'most', 'wrong']","[9, 9, 3, 3, 3]",0,13,58
0,"['most', 'most', 'wrong']","[3, 3, 0, 0, 0]",12,21,58
1,"['most', 'most', 'right']","[9, 9, 9, 9, 9]",3,20,58
1,"['some', 'some', 'right']","[12, 12, 3, 3, 3]",10,10,58
1,"['all', 'all', 'wrong']","[0, 0, 0, 0, 0]",15,31,58
1,"['most', 'most', 'right']","[12, 12, 12, 9, 9]",16,20,58
1,"['most', 'most', 'right']","[12, 12, 12, 3, 3]",8,20,58
0,"['most', 'most', 'wrong']","[3, 3, 3, 3, 3]",7,21,58
0,"['most', 'most', 'wrong']","[3, 3, 3, 0, 0]",19,21,58
1,"['some', 'some', 'right']","[9, 9, 9, 0, 0]",2,10,58
1,"['most', 'most', 'wrong']","[12, 12, 0, 0, 0]",4,21,58
1,"['some', 'most', 'right']","[9, 9, 3, 0, 0]",17,12,37
0,"['some', 'most', 'wrong']","[9, 9, 9, 3, 3]",13,13,37
1,"['most', 'most', 'right']","[12, 12, 9, 9, 9]",6,20,37
1,"['some', 'all', 'right']","[12, 12, 9, 0, 0]",5,14,37
0,"['most', 'most', 'wrong']","[9, 9, 3, 3, 3]",0,21,37
1,"['some', 'some', 'right']","[3, 3, 3, 0, 0]",19,10,37
0,"['some', 'most', 'wrong']","[12, 12, 9, 3, 3]",9,13,37
0,"['none', 'all', 'right']","[9, 9, 9, 9, 9]",3,6,37
0,"['all', 'most', 'wrong']","[3, 3, 3, 3, 3]",7,29,37
1,"['most', 'most', 'right']","[9, 9, 9, 0, 0]",2,20,37
1,"['most', 'all', 'right']","[12, 12, 12, 3, 3]",8,22,37
0,"['all', 'most', 'wrong']","[3, 3, 0, 0, 0]",12,29,37
1,"['some', 'all', 'right']","[12, 12, 0, 0, 0]",4,14,37
1,"['some', 'all', 'right']","[12, 12, 3, 0, 0]",11,14,37
0,"['most', 'all', 'wrong']","[9, 9, 0, 0, 0]",14,23,37
1,"['all', 'all', 'wrong']","[0, 0, 0, 0, 0]",15,31,37
0,"['all', 'all', 'right']","[12, 12, 12, 12, 12]",1,30,37
0,"['some', 'all', 'wrong']","[12, 12, 12, 0, 0]",18,15,37
0,"['some', 'some', 'wrong']","[12, 12, 12, 9, 9]",16,11,37
1,"['most', 'all', 'right']","[12, 12, 12, 9, 9]",16,22,55
0,"['some', 'all', 'wrong']","[12, 12, 9, 0, 0]",5,15,55
1,"['none', 'all', 'right']","[3, 3, 0, 0, 0]",12,6,55
1,"['some', 'all', 'right']","[12, 12, 9, 9, 9]",6,14,55
0,"['none', 'all', 'right']","[9, 9, 9, 9, 9]",3,6,55
0,"['all', 'all', 'wrong']","[0, 0, 0, 0, 0]",15,31,55
1,"['some', 'all', 'right']","[12, 12, 3, 3, 3]",10,14,55
0,"['none', 'all', 'right']","[3, 3, 3, 3, 3]",7,6,55
1,"['most', 'all', 'right']","[12, 12, 12, 3, 3]",8,22,55
0,"['most', 'most', 'wrong']","[3, 3, 3, 0, 0]",19,21,55
0,"['some', 'none', 'right']","[9, 9, 3, 0, 0]",17,8,55
0,"['none', 'all', 'right']","[9, 9, 3, 3, 3]",0,6,55
1,"['some', 'all', 'right']","[12, 12, 3, 0, 0]",11,14,55
0,"['most', 'all', 'wrong']","[12, 12, 0, 0, 0]",4,23,55
0,"['some', 'most', 'wrong']","[12, 12, 9, 3, 3]",9,13,55
1,"['most', 'most', 'right']","[9, 9, 9, 0, 0]",2,20,55
1,"['some', 'most', 'right']","[9, 9, 0, 0, 0]",14,12,55
1,"['most', 'all', 'right']","[12, 12, 12, 0, 0]",18,22,55
1,"['all', 'all', 'right']","[12, 12, 12, 12, 12]",1,30,55
0,"['none', 'all', 'right']","[9, 9, 9, 3, 3]",13,6,55
0,"['most', 'none', 'right']","[12, 12, 0, 0, 0]",4,16,41
0,"['most', 'some', 'right']","[12, 12, 3, 0, 0]",11,18,41
0,"['some', 'most', 'wrong']","[12, 12, 12, 3, 3]",8,13,41
1,"['most', 'most', 'right']","[9, 9, 9, 0, 0]",2,20,41
0,"['all', 'some', 'right']","[3, 3, 3, 3, 3]",7,26,41
0,"['some', 'some', 'wrong']","[12, 12, 12, 9, 9]",16,11,41
0,"['most', 'some', 'wrong']","[12, 12, 9, 9, 9]",6,19,41
1,"['some', 'all', 'right']","[12, 12, 3, 3, 3]",10,14,41
1,"['some', 'most', 'right']","[9, 9, 3, 3, 3]",0,12,41
1,"['most', 'most', 'right']","[9, 9, 9, 3, 3]",13,20,41
1,"['all', 'all', 'right']","[12, 12, 12, 12, 12]",1,30,41
0,"['all', 'all', 'wrong']","[0, 0, 0, 0, 0]",15,31,41
1,"['some', 'some', 'right']","[3, 3, 0, 0, 0]",12,10,41
1,"['most', 'all', 'right']","[12, 12, 12, 0, 0]",18,22,41
1,"['all', 'most', 'right']","[9, 9, 9, 9, 9]",3,28,41
1,"['some', 'most', 'right']","[9, 9, 0, 0, 0]",14,12,41
0,"['most', 'most', 'wrong']","[9, 9, 3, 0, 0]",17,21,41
0,"['all', 'most', 'wrong']","[3, 3, 3, 0, 0]",19,29,41
0,"['some', 'all', 'wrong']","[12, 12, 9, 0, 0]",5,15,41
1,"['most', 'most', 'right']","[12, 12, 9, 3, 3]",9,20,41
1,"['none', 'all', 'right']","[9, 9, 3, 3, 3]",0,6,44
0,"['all', 'all', 'right']","[12, 12, 12, 12, 12]",1,30,44
0,"['most', 'all', 'wrong']","[9, 9, 0, 0, 0]",14,23,44
0,"['none', 'all', 'right']","[3, 3, 3, 3, 3]",7,6,44
0,"['most', 'most', 'right']","[9, 9, 9, 9, 9]",3,20,44
1,"['some', 'most', 'right']","[9, 9, 3, 0, 0]",17,12,44
0,"['most', 'all', 'wrong']","[12, 12, 0, 0, 0]",4,23,44
0,"['none', 'all', 'right']","[9, 9, 9, 3, 3]",13,6,44
1,"['all', 'most', 'right']","[12, 12, 9, 9, 9]",6,28,44
0,"['most', 'most', 'wrong']","[3, 3, 3, 0, 0]",19,21,44
1,"['most', 'most', 'right']","[12, 12, 12, 9, 9]",16,20,44
0,"['all', 'all', 'wrong']","[0, 0, 0, 0, 0]",15,31,44
1,"['some', 'all', 'right']","[12, 12, 3, 0, 0]",11,14,44
1,"['most', 'most', 'right']","[12, 12, 9, 0, 0]",5,20,44
0,"['some', 'all', 'wrong']","[9, 9, 9, 0, 0]",2,15,44
1,"['some', 'all', 'right']","[12, 12, 3, 3, 3]",10,14,44
1,"['most', 'all', 'right']","[12, 12, 12, 0, 0]",18,22,44
0,"['some', 'most', 'wrong']","[12, 12, 12, 3, 3]",8,13,44
1,"['some', 'some', 'right']","[3, 3, 0, 0, 0]",12,10,44
1,"['most', 'most', 'right']","[12, 12, 9, 3, 3]",9,20,44
0,"['most', 'most', 'wrong']","[9, 9, 3, 0, 0]",17,21,15
1,"['most', 'all', 'right']","[12, 12, 12, 3, 3]",8,22,15
0,"['most', 'most', 'wrong']","[12, 12, 3, 0, 0]",11,21,15
0,"['some', 'some', 'wrong']","[12, 12, 12, 9, 9]",16,11,15
0,"['some', 'most', 'wrong']","[9, 9, 9, 3, 3]",13,13,15
0,"['most', 'most', 'wrong']","[12, 12, 3, 3, 3]",10,21,15
1,"['most', 'most', 'right']","[9, 9, 9, 0, 0]",2,20,15
0,"['some', 'most', 'wrong']","[12, 12, 9, 3, 3]",9,13,15
1,"['some', 'most', 'right']","[9, 9, 0, 0, 0]",14,12,15
1,"['some', 'some', 'right']","[3, 3, 0, 0, 0]",12,10,15
1,"['some', 'all', 'right']","[12, 12, 0, 0, 0]",4,14,15
1,"['all', 'all', 'right']","[12, 12, 12, 12, 12]",1,30,15
1,"['all', 'some', 'wrong']","[0, 0, 0, 0, 0]",15,27,15
1,"['most', 'most', 'right']","[12, 12, 9, 9, 9]",6,20,15
0,"['some', 'all', 'wrong']","[12, 12, 12, 0, 0]",18,15,15
1,"['some', 'some', 'right']","[3, 3, 3, 0, 0]",19,10,15
0,"['some', 'most', 'wrong']","[12, 12, 9, 0, 0]",5,13,15
0,"['all', 'some', 'wrong']","[9, 9, 9, 9, 9]",3,27,15
