submission_id,A,Q1,Q2,age,comments,completed_text,condition,education,experiment_duration,experiment_end_time,experiment_start_time,gender,languages,nQuestions,names,options,prolific_pid,prolific_session_id,prolific_study_id,qud,question,response,responseTime,responses,studentsArray,text
2088,NA,NA,NA,37,interesting study ,Some of the students got most of the answers right,sample.high,Graduated College,297589,1765463979356,1765463681767,male,english,12,Marie|Nico|Mia|John|Alex,"Some,Most,All,None|most,all,none,some|right,wrong",6637e6d382d221675254185b,693ad67a586221c18a4642b4,693ad5bf2d05418952f4d0c4,NA,"Imagine you were a <b>teacher</b>, describe these results of this exam so as to make it appear as if there is a <b>high</b> success rate without lying.",NA,40627,Some|most|right,12|3|0|0|0,%s of the students got %s of the answers %s
2088,NA,NA,NA,37,interesting study ,All of the students got most of the answers right,sample.info,Graduated College,297589,1765463979356,1765463681767,male,english,12,Julian|Chris|Marie|Lisanne|John,"Some,Most,All,None|most,all,none,some|right,wrong",6637e6d382d221675254185b,693ad67a586221c18a4642b4,693ad5bf2d05418952f4d0c4,NA,"Imagine you were a <b>principal</b>, describe these results of this exam as <b>accurately</b> as possible without making it sound particularly easy or difficult.",NA,9925,All|most|right,9|9|9|9|9,%s of the students got %s of the answers %s
2088,NA,NA,NA,37,interesting study ,Most of the students got some of the answers wrong,sample.low,Graduated College,297589,1765463979356,1765463681767,male,english,12,Marie|Nico|Mia|John|Alex,"Some,Most,All,None|most,all,none,some|right,wrong",6637e6d382d221675254185b,693ad67a586221c18a4642b4,693ad5bf2d05418952f4d0c4,NA,"Imagine you were a <b>student</b>, describe these results of this exam so as to make it appear as if there is a <b>low</b> success rate without lying.",NA,49165,Most|some|wrong,12|12|9|9|9,%s of the students got %s of the answers %s
2088,wrong.,Most,some,37,interesting study ,NA,info,Graduated College,297589,1765463979356,1765463681767,male,english,12,Marie|Thomas|Nico|Amy|Pablo,Student|Principal|Teacher,6637e6d382d221675254185b,693ad67a586221c18a4642b4,693ad5bf2d05418952f4d0c4,Who is most likely to have said this report?,Most of the students got some of the answers wrong.,Student,13576,NA,12|9|9|9|9,NA
2088,wrong.,All,all,37,interesting study ,NA,info,Graduated College,297589,1765463979356,1765463681767,male,english,12,Daniel|Johann|Julian|Pablo|Tina,Student|Principal|Teacher,6637e6d382d221675254185b,693ad67a586221c18a4642b4,693ad5bf2d05418952f4d0c4,Who is most likely to have said this report?,All of the students got all of the answers wrong.,Principal,7349,NA,0|0|0|0|0,NA
2088,wrong.,Some,most,37,interesting study ,NA,high,Graduated College,297589,1765463979356,1765463681767,male,english,12,Theresa|Tim|Pablo|Johann|Rebecca,Student|Principal|Teacher,6637e6d382d221675254185b,693ad67a586221c18a4642b4,693ad5bf2d05418952f4d0c4,Who is most likely to have said this report?,Some of the students got most of the answers wrong.,Teacher,5458,NA,0|0|0|0|0,NA
2088,wrong.,Some,all,37,interesting study ,NA,info,Graduated College,297589,1765463979356,1765463681767,male,english,12,Lisa|Julia|Amy|Julian|Marie,Student|Principal|Teacher,6637e6d382d221675254185b,693ad67a586221c18a4642b4,693ad5bf2d05418952f4d0c4,Who is most likely to have said this report?,Some of the students got all of the answers wrong.,Student,3518,NA,12|12|12|0|0,NA
2088,wrong.,Some,some,37,interesting study ,NA,high,Graduated College,297589,1765463979356,1765463681767,male,english,12,Nico|Rebecca|Thomas|Pablo|John,Student|Principal|Teacher,6637e6d382d221675254185b,693ad67a586221c18a4642b4,693ad5bf2d05418952f4d0c4,Who is most likely to have said this report?,Some of the students got some of the answers wrong.,Student,5087,NA,0|0|0|0|0,NA
2088,right.,All,some,37,interesting study ,NA,low,Graduated College,297589,1765463979356,1765463681767,male,english,12,Chris|Lisanne|Tim|Daniel|Tina,Student|Principal|Teacher,6637e6d382d221675254185b,693ad67a586221c18a4642b4,693ad5bf2d05418952f4d0c4,Who is most likely to have said this report?,All of the students got some of the answers right.,Principal,5655,NA,12|12|12|12|12,NA
2088,right.,Some,none,37,interesting study ,NA,low,Graduated College,297589,1765463979356,1765463681767,male,english,12,Susanne|Thomas|Tina|Rebecca|Johann,Student|Principal|Teacher,6637e6d382d221675254185b,693ad67a586221c18a4642b4,693ad5bf2d05418952f4d0c4,Who is most likely to have said this report?,Some of the students got none of the answers right.,Student,4965,NA,12|12|9|0|0,NA
2088,right.,Most,all,37,interesting study ,NA,info,Graduated College,297589,1765463979356,1765463681767,male,english,12,Julian|Marie|Daniel|Alex|Jan,Student|Principal|Teacher,6637e6d382d221675254185b,693ad67a586221c18a4642b4,693ad5bf2d05418952f4d0c4,Who is most likely to have said this report?,Most of the students got all of the answers right.,Teacher,4277,NA,12|12|12|0|0,NA
2088,wrong.,Some,most,37,interesting study ,NA,low,Graduated College,297589,1765463979356,1765463681767,male,english,12,Susanne|Amy|Daniel|Julian|Marie,Student|Principal|Teacher,6637e6d382d221675254185b,693ad67a586221c18a4642b4,693ad5bf2d05418952f4d0c4,Who is most likely to have said this report?,Some of the students got most of the answers wrong.,Principal,4687,NA,12|12|9|3|3,NA
2088,wrong.,Most,some,37,interesting study ,NA,high,Graduated College,297589,1765463979356,1765463681767,male,english,12,Johann|Daniel|Jan|Mia|Tina,Student|Principal|Teacher,6637e6d382d221675254185b,693ad67a586221c18a4642b4,693ad5bf2d05418952f4d0c4,Who is most likely to have said this report?,Most of the students got some of the answers wrong.,Student,6681,NA,0|0|0|0|0,NA
2088,right.,Most,some,37,interesting study ,NA,low,Graduated College,297589,1765463979356,1765463681767,male,english,12,Amy|Alex|Susanne|Nico|Daniel,Student|Principal|Teacher,6637e6d382d221675254185b,693ad67a586221c18a4642b4,693ad5bf2d05418952f4d0c4,Who is most likely to have said this report?,Most of the students got some of the answers right.,Teacher,3270,NA,12|12|12|12|12,NA
2088,wrong.,Some,none,37,interesting study ,NA,high,Graduated College,297589,1765463979356,1765463681767,male,english,12,Pablo|Marie|Susanne|Lisanne|Alex,Student|Principal|Teacher,6637e6d382d221675254185b,693ad67a586221c18a4642b4,693ad5bf2d05418952f4d0c4,Who is most likely to have said this report?,Some of the students got none of the answers wrong.,Student,8782,NA,12|12|0|0|0,NA
2088,right.,Most,none,37,interesting study ,NA,info,Graduated College,297589,1765463979356,1765463681767,male,english,12,Mia|Theresa|Julia|Tina|John,Student|Principal|Teacher,6637e6d382d221675254185b,693ad67a586221c18a4642b4,693ad5bf2d05418952f4d0c4,Who is most likely to have said this report?,Most of the students got none of the answers right.,Teacher,5339,NA,12|12|0|0|0,NA
2088,right.,None,all,37,interesting study ,NA,high,Graduated College,297589,1765463979356,1765463681767,male,english,12,Theresa|Daniel|Mia|Julian|Tina,Student|Principal|Teacher,6637e6d382d221675254185b,693ad67a586221c18a4642b4,693ad5bf2d05418952f4d0c4,Who is most likely to have said this report?,None of the students got all of the answers right.,Principal,4017,NA,0|0|0|0|0,NA
2088,right.,Some,none,37,interesting study ,NA,low,Graduated College,297589,1765463979356,1765463681767,male,english,12,Johann|Julian|Susanne|Theresa|Rebecca,Student|Principal|Teacher,6637e6d382d221675254185b,693ad67a586221c18a4642b4,693ad5bf2d05418952f4d0c4,Who is most likely to have said this report?,Some of the students got none of the answers right.,Teacher,6574,NA,12|12|12|0|0,NA
2089,NA,NA,NA,69,,Most of the students got none of the answers right,sample.high,Graduated High-school,277534,1765464030487,1765463752953,female,english,12,Marie|Nico|Mia|John|Alex,"All,Most,Some,None|some,none,all,most|wrong,right",6412fe162863d9871d64ac53,693ad6bdb1d27375eab7a581,693ad5bf2d05418952f4d0c4,NA,"Imagine you were a <b>teacher</b>, describe these results of this exam so as to make it appear as if there is a <b>high</b> success rate without lying.",NA,20915,Most|none|right,12|3|0|0|0,%s of the students got %s of the answers %s
2089,NA,NA,NA,69,,All of the students got most of the answers right,sample.info,Graduated High-school,277534,1765464030487,1765463752953,female,english,12,Julian|Chris|Marie|Lisanne|John,"All,Most,Some,None|some,none,all,most|wrong,right",6412fe162863d9871d64ac53,693ad6bdb1d27375eab7a581,693ad5bf2d05418952f4d0c4,NA,"Imagine you were a <b>principal</b>, describe these results of this exam as <b>accurately</b> as possible without making it sound particularly easy or difficult.",NA,12816,All|most|right,9|9|9|9|9,%s of the students got %s of the answers %s
2089,NA,NA,NA,69,,Some of the students got some of the answers right,sample.low,Graduated High-school,277534,1765464030487,1765463752953,female,english,12,Marie|Nico|Mia|John|Alex,"All,Most,Some,None|some,none,all,most|wrong,right",6412fe162863d9871d64ac53,693ad6bdb1d27375eab7a581,693ad5bf2d05418952f4d0c4,NA,"Imagine you were a <b>student</b>, describe these results of this exam so as to make it appear as if there is a <b>low</b> success rate without lying.",NA,22657,Some|some|right,12|12|9|9|9,%s of the students got %s of the answers %s
2089,wrong.,Some,most,69,,NA,low,Graduated High-school,277534,1765464030487,1765463752953,female,english,12,Mia|Alex|Marie|Chris|John,Student|Principal|Teacher,6412fe162863d9871d64ac53,693ad6bdb1d27375eab7a581,693ad5bf2d05418952f4d0c4,Who is most likely to have said this report?,Some of the students got most of the answers wrong.,Student,9237,NA,12|12|9|3|3,NA
2089,wrong.,Some,some,69,,NA,high,Graduated High-school,277534,1765464030487,1765463752953,female,english,12,Chris|Pablo|Marie|Nico|Lisa,Student|Principal|Teacher,6412fe162863d9871d64ac53,693ad6bdb1d27375eab7a581,693ad5bf2d05418952f4d0c4,Who is most likely to have said this report?,Some of the students got some of the answers wrong.,Student,2599,NA,0|0|0|0|0,NA
2089,wrong.,All,all,69,,NA,info,Graduated High-school,277534,1765464030487,1765463752953,female,english,12,Susanne|Julia|Nico|Alex|Lisa,Student|Principal|Teacher,6412fe162863d9871d64ac53,693ad6bdb1d27375eab7a581,693ad5bf2d05418952f4d0c4,Who is most likely to have said this report?,All of the students got all of the answers wrong.,Student,6874,NA,0|0|0|0|0,NA
2089,right.,Some,none,69,,NA,low,Graduated High-school,277534,1765464030487,1765463752953,female,english,12,Jan|Julia|Lisa|Daniel|Julian,Student|Principal|Teacher,6412fe162863d9871d64ac53,693ad6bdb1d27375eab7a581,693ad5bf2d05418952f4d0c4,Who is most likely to have said this report?,Some of the students got none of the answers right.,Principal,6073,NA,12|12|12|0|0,NA
2089,wrong.,Most,some,69,,NA,high,Graduated High-school,277534,1765464030487,1765463752953,female,english,12,Tina|Daniel|Susanne|Johann|Theresa,Student|Principal|Teacher,6412fe162863d9871d64ac53,693ad6bdb1d27375eab7a581,693ad5bf2d05418952f4d0c4,Who is most likely to have said this report?,Most of the students got some of the answers wrong.,Teacher,9482,NA,0|0|0|0|0,NA
2089,right.,None,all,69,,NA,high,Graduated High-school,277534,1765464030487,1765463752953,female,english,12,Lisanne|Mia|Johann|Susanne|Tim,Student|Principal|Teacher,6412fe162863d9871d64ac53,693ad6bdb1d27375eab7a581,693ad5bf2d05418952f4d0c4,Who is most likely to have said this report?,None of the students got all of the answers right.,Student,4889,NA,0|0|0|0|0,NA
2089,wrong.,Some,all,69,,NA,info,Graduated High-school,277534,1765464030487,1765463752953,female,english,12,Alex|Susanne|Rebecca|Julia|Julian,Student|Principal|Teacher,6412fe162863d9871d64ac53,693ad6bdb1d27375eab7a581,693ad5bf2d05418952f4d0c4,Who is most likely to have said this report?,Some of the students got all of the answers wrong.,Principal,7279,NA,12|12|12|0|0,NA
2089,right.,Some,none,69,,NA,low,Graduated High-school,277534,1765464030487,1765463752953,female,english,12,Amy|John|Susanne|Julia|Pablo,Student|Principal|Teacher,6412fe162863d9871d64ac53,693ad6bdb1d27375eab7a581,693ad5bf2d05418952f4d0c4,Who is most likely to have said this report?,Some of the students got none of the answers right.,Principal,6440,NA,12|12|9|0|0,NA
2089,wrong.,Some,most,69,,NA,high,Graduated High-school,277534,1765464030487,1765463752953,female,english,12,Daniel|Pablo|Mia|Julia|Susanne,Student|Principal|Teacher,6412fe162863d9871d64ac53,693ad6bdb1d27375eab7a581,693ad5bf2d05418952f4d0c4,Who is most likely to have said this report?,Some of the students got most of the answers wrong.,Student,3816,NA,0|0|0|0|0,NA
2089,wrong.,Most,some,69,,NA,info,Graduated High-school,277534,1765464030487,1765463752953,female,english,12,Daniel|Julia|Susanne|Nico|Lisa,Student|Principal|Teacher,6412fe162863d9871d64ac53,693ad6bdb1d27375eab7a581,693ad5bf2d05418952f4d0c4,Who is most likely to have said this report?,Most of the students got some of the answers wrong.,Student,11325,NA,12|9|9|9|9,NA
2089,wrong.,Some,none,69,,NA,high,Graduated High-school,277534,1765464030487,1765463752953,female,english,12,Thomas|Lesly|Rebecca|John|Julia,Student|Principal|Teacher,6412fe162863d9871d64ac53,693ad6bdb1d27375eab7a581,693ad5bf2d05418952f4d0c4,Who is most likely to have said this report?,Some of the students got none of the answers wrong.,Teacher,5734,NA,12|12|0|0|0,NA
2089,right.,Most,some,69,,NA,low,Graduated High-school,277534,1765464030487,1765463752953,female,english,12,John|Tina|Marie|Theresa|Jan,Student|Principal|Teacher,6412fe162863d9871d64ac53,693ad6bdb1d27375eab7a581,693ad5bf2d05418952f4d0c4,Who is most likely to have said this report?,Most of the students got some of the answers right.,Principal,3874,NA,12|12|12|12|12,NA
2089,right.,Most,all,69,,NA,info,Graduated High-school,277534,1765464030487,1765463752953,female,english,12,Pablo|Amy|Tina|Daniel|Theresa,Student|Principal|Teacher,6412fe162863d9871d64ac53,693ad6bdb1d27375eab7a581,693ad5bf2d05418952f4d0c4,Who is most likely to have said this report?,Most of the students got all of the answers right.,Teacher,3388,NA,12|12|12|0|0,NA
2089,right.,Most,none,69,,NA,info,Graduated High-school,277534,1765464030487,1765463752953,female,english,12,Chris|Amy|Jan|Nico|Lesly,Student|Principal|Teacher,6412fe162863d9871d64ac53,693ad6bdb1d27375eab7a581,693ad5bf2d05418952f4d0c4,Who is most likely to have said this report?,Most of the students got none of the answers right.,Student,4731,NA,12|12|0|0|0,NA
2089,right.,All,some,69,,NA,low,Graduated High-school,277534,1765464030487,1765463752953,female,english,12,Johann|Susanne|Chris|Alex|Nico,Student|Principal|Teacher,6412fe162863d9871d64ac53,693ad6bdb1d27375eab7a581,693ad5bf2d05418952f4d0c4,Who is most likely to have said this report?,All of the students got some of the answers right.,Principal,4768,NA,12|12|12|12|12,NA
2090,NA,NA,NA,33,No comments,Some of the students got all of the answers right,sample.high,Graduated College,434921,1765464585814,1765464150893,male,English,12,Marie|Nico|Mia|John|Alex,"Some,All,Most,None|all,most,some,none|right,wrong",671bbaf1bec15d847b871b9b,693ad7ea66ea57d3b3d4d976,693ad5bf2d05418952f4d0c4,NA,"Imagine you were a <b>teacher</b>, describe these results of this exam so as to make it appear as if there is a <b>high</b> success rate without lying.",NA,35769,Some|all|right,12|3|0|0|0,%s of the students got %s of the answers %s
2090,NA,NA,NA,33,No comments,All of the students got most of the answers right,sample.info,Graduated College,434921,1765464585814,1765464150893,male,English,12,Julian|Chris|Marie|Lisanne|John,"Some,All,Most,None|all,most,some,none|right,wrong",671bbaf1bec15d847b871b9b,693ad7ea66ea57d3b3d4d976,693ad5bf2d05418952f4d0c4,NA,"Imagine you were a <b>principal</b>, describe these results of this exam as <b>accurately</b> as possible without making it sound particularly easy or difficult.",NA,27301,All|most|right,9|9|9|9|9,%s of the students got %s of the answers %s
2090,NA,NA,NA,33,No comments,Most of the students got some of the answers wrong,sample.low,Graduated College,434921,1765464585814,1765464150893,male,English,12,Marie|Nico|Mia|John|Alex,"Some,All,Most,None|all,most,some,none|right,wrong",671bbaf1bec15d847b871b9b,693ad7ea66ea57d3b3d4d976,693ad5bf2d05418952f4d0c4,NA,"Imagine you were a <b>student</b>, describe these results of this exam so as to make it appear as if there is a <b>low</b> success rate without lying.",NA,22234,Most|some|wrong,12|12|9|9|9,%s of the students got %s of the answers %s
2090,right.,Some,none,33,No comments,NA,low,Graduated College,434921,1765464585814,1765464150893,male,English,12,Rebecca|Johann|Susanne|Amy|Nico,Student|Principal|Teacher,671bbaf1bec15d847b871b9b,693ad7ea66ea57d3b3d4d976,693ad5bf2d05418952f4d0c4,Who is most likely to have said this report?,Some of the students got none of the answers right.,Student,11497,NA,12|12|12|0|0,NA
2090,right.,Most,none,33,No comments,NA,info,Graduated College,434921,1765464585814,1765464150893,male,English,12,Nico|Julia|Tina|Tim|Lisanne,Student|Principal|Teacher,671bbaf1bec15d847b871b9b,693ad7ea66ea57d3b3d4d976,693ad5bf2d05418952f4d0c4,Who is most likely to have said this report?,Most of the students got none of the answers right.,Principal,16809,NA,12|12|0|0|0,NA
2090,wrong.,Most,some,33,No comments,NA,high,Graduated College,434921,1765464585814,1765464150893,male,English,12,Alex|Pablo|John|Lisanne|Chris,Student|Principal|Teacher,671bbaf1bec15d847b871b9b,693ad7ea66ea57d3b3d4d976,693ad5bf2d05418952f4d0c4,Who is most likely to have said this report?,Most of the students got some of the answers wrong.,Teacher,10804,NA,0|0|0|0|0,NA
2090,right.,All,some,33,No comments,NA,low,Graduated College,434921,1765464585814,1765464150893,male,English,12,Marie|Lesly|Alex|Thomas|Chris,Student|Principal|Teacher,671bbaf1bec15d847b871b9b,693ad7ea66ea57d3b3d4d976,693ad5bf2d05418952f4d0c4,Who is most likely to have said this report?,All of the students got some of the answers right.,Principal,13465,NA,12|12|12|12|12,NA
2090,right.,Some,none,33,No comments,NA,low,Graduated College,434921,1765464585814,1765464150893,male,English,12,Tina|Marie|Tim|Amy|Jan,Student|Principal|Teacher,671bbaf1bec15d847b871b9b,693ad7ea66ea57d3b3d4d976,693ad5bf2d05418952f4d0c4,Who is most likely to have said this report?,Some of the students got none of the answers right.,Student,12035,NA,12|12|9|0|0,NA
2090,wrong.,Some,all,33,No comments,NA,info,Graduated College,434921,1765464585814,1765464150893,male,English,12,Tina|Daniel|Amy|Pablo|Johann,Student|Principal|Teacher,671bbaf1bec15d847b871b9b,693ad7ea66ea57d3b3d4d976,693ad5bf2d05418952f4d0c4,Who is most likely to have said this report?,Some of the students got all of the answers wrong.,Student,4820,NA,12|12|12|0|0,NA
2090,wrong.,Most,some,33,No comments,NA,info,Graduated College,434921,1765464585814,1765464150893,male,English,12,Alex|Julian|Rebecca|Thomas|Susanne,Student|Principal|Teacher,671bbaf1bec15d847b871b9b,693ad7ea66ea57d3b3d4d976,693ad5bf2d05418952f4d0c4,Who is most likely to have said this report?,Most of the students got some of the answers wrong.,Principal,8187,NA,12|9|9|9|9,NA
2090,wrong.,Some,most,33,No comments,NA,high,Graduated College,434921,1765464585814,1765464150893,male,English,12,Lesly|Alex|Pablo|Lisanne|Susanne,Student|Principal|Teacher,671bbaf1bec15d847b871b9b,693ad7ea66ea57d3b3d4d976,693ad5bf2d05418952f4d0c4,Who is most likely to have said this report?,Some of the students got most of the answers wrong.,Teacher,6129,NA,0|0|0|0|0,NA
2090,right.,None,all,33,No comments,NA,high,Graduated College,434921,1765464585814,1765464150893,male,English,12,Julia|Chris|Nico|Rebecca|Johann,Student|Principal|Teacher,671bbaf1bec15d847b871b9b,693ad7ea66ea57d3b3d4d976,693ad5bf2d05418952f4d0c4,Who is most likely to have said this report?,None of the students got all of the answers right.,Student,9532,NA,0|0|0|0|0,NA
2090,wrong.,All,all,33,No comments,NA,info,Graduated College,434921,1765464585814,1765464150893,male,English,12,Tina|Alex|Mia|Lisa|Julian,Student|Principal|Teacher,671bbaf1bec15d847b871b9b,693ad7ea66ea57d3b3d4d976,693ad5bf2d05418952f4d0c4,Who is most likely to have said this report?,All of the students got all of the answers wrong.,Student,5345,NA,0|0|0|0|0,NA
2090,right.,Most,all,33,No comments,NA,info,Graduated College,434921,1765464585814,1765464150893,male,English,12,Johann|Marie|Tina|Rebecca|Lesly,Student|Principal|Teacher,671bbaf1bec15d847b871b9b,693ad7ea66ea57d3b3d4d976,693ad5bf2d05418952f4d0c4,Who is most likely to have said this report?,Most of the students got all of the answers right.,Teacher,7643,NA,12|12|12|0|0,NA
2090,right.,Most,some,33,No comments,NA,low,Graduated College,434921,1765464585814,1765464150893,male,English,12,Jan|Rebecca|Julia|Nico|Johann,Student|Principal|Teacher,671bbaf1bec15d847b871b9b,693ad7ea66ea57d3b3d4d976,693ad5bf2d05418952f4d0c4,Who is most likely to have said this report?,Most of the students got some of the answers right.,Student,12567,NA,12|12|12|12|12,NA
2090,wrong.,Some,none,33,No comments,NA,high,Graduated College,434921,1765464585814,1765464150893,male,English,12,Lesly|Susanne|Jan|Theresa|Nico,Student|Principal|Teacher,671bbaf1bec15d847b871b9b,693ad7ea66ea57d3b3d4d976,693ad5bf2d05418952f4d0c4,Who is most likely to have said this report?,Some of the students got none of the answers wrong.,Student,105,NA,12|12|0|0|0,NA
2090,wrong.,Some,some,33,No comments,NA,high,Graduated College,434921,1765464585814,1765464150893,male,English,12,Tim|Marie|Chris|Pablo|Rebecca,Student|Principal|Teacher,671bbaf1bec15d847b871b9b,693ad7ea66ea57d3b3d4d976,693ad5bf2d05418952f4d0c4,Who is most likely to have said this report?,Some of the students got some of the answers wrong.,Teacher,10226,NA,0|0|0|0|0,NA
2090,wrong.,Some,most,33,No comments,NA,low,Graduated College,434921,1765464585814,1765464150893,male,English,12,Johann|Chris|Nico|John|Theresa,Student|Principal|Teacher,671bbaf1bec15d847b871b9b,693ad7ea66ea57d3b3d4d976,693ad5bf2d05418952f4d0c4,Who is most likely to have said this report?,Some of the students got most of the answers wrong.,Student,9335,NA,12|12|9|3|3,NA
2091,NA,NA,NA,44,,Some of the students got all of the answers right,sample.high,Graduated High-school,340743,1765465314233,1765464973490,male,English,12,Marie|Nico|Mia|John|Alex,"Some,None,All,Most|most,all,some,none|wrong,right",665af670c32544bf63236164,693adb2ba9f4628d4936ba4a,693ad5bf2d05418952f4d0c4,NA,"Imagine you were a <b>teacher</b>, describe these results of this exam so as to make it appear as if there is a <b>high</b> success rate without lying.",NA,18192,Some|all|right,12|3|0|0|0,%s of the students got %s of the answers %s
2091,NA,NA,NA,44,,Most of the students got some of the answers wrong,sample.info,Graduated High-school,340743,1765465314233,1765464973490,male,English,12,Julian|Chris|Marie|Lisanne|John,"Some,None,All,Most|most,all,some,none|wrong,right",665af670c32544bf63236164,693adb2ba9f4628d4936ba4a,693ad5bf2d05418952f4d0c4,NA,"Imagine you were a <b>principal</b>, describe these results of this exam as <b>accurately</b> as possible without making it sound particularly easy or difficult.",NA,27252,Most|some|wrong,9|9|9|9|9,%s of the students got %s of the answers %s
2091,NA,NA,NA,44,,None of the students got all of the answers right,sample.low,Graduated High-school,340743,1765465314233,1765464973490,male,English,12,Marie|Nico|Mia|John|Alex,"Some,None,All,Most|most,all,some,none|wrong,right",665af670c32544bf63236164,693adb2ba9f4628d4936ba4a,693ad5bf2d05418952f4d0c4,NA,"Imagine you were a <b>student</b>, describe these results of this exam so as to make it appear as if there is a <b>low</b> success rate without lying.",NA,9001,None|all|right,12|12|9|9|9,%s of the students got %s of the answers %s
2091,wrong.,Some,most,44,,NA,low,Graduated High-school,340743,1765465314233,1765464973490,male,English,12,Amy|Theresa|Lisa|Daniel|Marie,Student|Principal|Teacher,665af670c32544bf63236164,693adb2ba9f4628d4936ba4a,693ad5bf2d05418952f4d0c4,Who is most likely to have said this report?,Some of the students got most of the answers wrong.,Principal,14307,NA,12|12|9|3|3,NA
2091,wrong.,Most,some,44,,NA,high,Graduated High-school,340743,1765465314233,1765464973490,male,English,12,Thomas|Lesly|Julian|Lisa|Alex,Student|Principal|Teacher,665af670c32544bf63236164,693adb2ba9f4628d4936ba4a,693ad5bf2d05418952f4d0c4,Who is most likely to have said this report?,Most of the students got some of the answers wrong.,Student,5181,NA,0|0|0|0|0,NA
2091,wrong.,Some,most,44,,NA,high,Graduated High-school,340743,1765465314233,1765464973490,male,English,12,Lisa|Thomas|Chris|Lesly|Rebecca,Student|Principal|Teacher,665af670c32544bf63236164,693adb2ba9f4628d4936ba4a,693ad5bf2d05418952f4d0c4,Who is most likely to have said this report?,Some of the students got most of the answers wrong.,Principal,12168,NA,0|0|0|0|0,NA
2091,wrong.,All,all,44,,NA,info,Graduated High-school,340743,1765465314233,1765464973490,male,English,12,Tim|Chris|John|Alex|Theresa,Student|Principal|Teacher,665af670c32544bf63236164,693adb2ba9f4628d4936ba4a,693ad5bf2d05418952f4d0c4,Who is most likely to have said this report?,All of the students got all of the answers wrong.,Student,5766,NA,0|0|0|0|0,NA
2091,right.,All,some,44,,NA,low,Graduated High-school,340743,1765465314233,1765464973490,male,English,12,Lesly|Alex|Theresa|Amy|Susanne,Student|Principal|Teacher,665af670c32544bf63236164,693adb2ba9f4628d4936ba4a,693ad5bf2d05418952f4d0c4,Who is most likely to have said this report?,All of the students got some of the answers right.,Teacher,9718,NA,12|12|12|12|12,NA
2091,wrong.,Some,all,44,,NA,info,Graduated High-school,340743,1765465314233,1765464973490,male,English,12,Mia|Julian|Rebecca|Julia|John,Student|Principal|Teacher,665af670c32544bf63236164,693adb2ba9f4628d4936ba4a,693ad5bf2d05418952f4d0c4,Who is most likely to have said this report?,Some of the students got all of the answers wrong.,Student,8854,NA,12|12|12|0|0,NA
2091,wrong.,Most,some,44,,NA,info,Graduated High-school,340743,1765465314233,1765464973490,male,English,12,John|Lisanne|Susanne|Jan|Mia,Student|Principal|Teacher,665af670c32544bf63236164,693adb2ba9f4628d4936ba4a,693ad5bf2d05418952f4d0c4,Who is most likely to have said this report?,Most of the students got some of the answers wrong.,Principal,12124,NA,12|9|9|9|9,NA
2091,right.,Some,none,44,,NA,low,Graduated High-school,340743,1765465314233,1765464973490,male,English,12,Tim|Lisanne|Chris|Julian|Nico,Student|Principal|Teacher,665af670c32544bf63236164,693adb2ba9f4628d4936ba4a,693ad5bf2d05418952f4d0c4,Who is most likely to have said this report?,Some of the students got none of the answers right.,Student,4060,NA,12|12|12|0|0,NA
2091,right.,Most,some,44,,NA,low,Graduated High-school,340743,1765465314233,1765464973490,male,English,12,John|Lisanne|Pablo|Jan|Marie,Student|Principal|Teacher,665af670c32544bf63236164,693adb2ba9f4628d4936ba4a,693ad5bf2d05418952f4d0c4,Who is most likely to have said this report?,Most of the students got some of the answers right.,Student,69,NA,12|12|12|12|12,NA
2091,wrong.,Some,some,44,,NA,high,Graduated High-school,340743,1765465314233,1765464973490,male,English,12,Daniel|Alex|Tim|Pablo|John,Student|Principal|Teacher,665af670c32544bf63236164,693adb2ba9f4628d4936ba4a,693ad5bf2d05418952f4d0c4,Who is most likely to have said this report?,Some of the students got some of the answers wrong.,Teacher,7774,NA,0|0|0|0|0,NA
2091,right.,Most,none,44,,NA,info,Graduated High-school,340743,1765465314233,1765464973490,male,English,12,Lisanne|Lisa|Rebecca|Amy|Thomas,Student|Principal|Teacher,665af670c32544bf63236164,693adb2ba9f4628d4936ba4a,693ad5bf2d05418952f4d0c4,Who is most likely to have said this report?,Most of the students got none of the answers right.,Student,2564,NA,12|12|0|0|0,NA
2091,right.,None,all,44,,NA,high,Graduated High-school,340743,1765465314233,1765464973490,male,English,12,Thomas|Chris|Susanne|Theresa|Amy,Student|Principal|Teacher,665af670c32544bf63236164,693adb2ba9f4628d4936ba4a,693ad5bf2d05418952f4d0c4,Who is most likely to have said this report?,None of the students got all of the answers right.,Student,8108,NA,0|0|0|0|0,NA
2091,right.,Some,none,44,,NA,low,Graduated High-school,340743,1765465314233,1765464973490,male,English,12,Chris|Pablo|Theresa|Mia|Julia,Student|Principal|Teacher,665af670c32544bf63236164,693adb2ba9f4628d4936ba4a,693ad5bf2d05418952f4d0c4,Who is most likely to have said this report?,Some of the students got none of the answers right.,Principal,2742,NA,12|12|9|0|0,NA
2091,right.,Most,all,44,,NA,info,Graduated High-school,340743,1765465314233,1765464973490,male,English,12,Amy|Marie|Mia|Alex|Julian,Student|Principal|Teacher,665af670c32544bf63236164,693adb2ba9f4628d4936ba4a,693ad5bf2d05418952f4d0c4,Who is most likely to have said this report?,Most of the students got all of the answers right.,Teacher,2508,NA,12|12|12|0|0,NA
2091,wrong.,Some,none,44,,NA,high,Graduated High-school,340743,1765465314233,1765464973490,male,English,12,Lisanne|Tina|Alex|Mia|Tim,Student|Principal|Teacher,665af670c32544bf63236164,693adb2ba9f4628d4936ba4a,693ad5bf2d05418952f4d0c4,Who is most likely to have said this report?,Some of the students got none of the answers wrong.,Teacher,4863,NA,12|12|0|0|0,NA
2092,NA,NA,NA,39,,Some of the students got some of the answers right,sample.high,Graduated High-school,269258,1765466417497,1765466148239,male,English,12,Marie|Nico|Mia|John|Alex,"Some,Most,None,All|all,some,none,most|right,wrong",5b82e33f184f45000155f0ba,693adfd9c80150eee614b210,693ad5bf2d05418952f4d0c4,NA,"Imagine you were a <b>teacher</b>, describe these results of this exam so as to make it appear as if there is a <b>high</b> success rate without lying.",NA,25435,Some|some|right,12|3|0|0|0,%s of the students got %s of the answers %s
2092,NA,NA,NA,39,,All of the students got most of the answers right,sample.info,Graduated High-school,269258,1765466417497,1765466148239,male,English,12,Julian|Chris|Marie|Lisanne|John,"Some,Most,None,All|all,some,none,most|right,wrong",5b82e33f184f45000155f0ba,693adfd9c80150eee614b210,693ad5bf2d05418952f4d0c4,NA,"Imagine you were a <b>principal</b>, describe these results of this exam as <b>accurately</b> as possible without making it sound particularly easy or difficult.",NA,22592,All|most|right,9|9|9|9|9,%s of the students got %s of the answers %s
2092,NA,NA,NA,39,,Most of the students got some of the answers right,sample.low,Graduated High-school,269258,1765466417497,1765466148239,male,English,12,Marie|Nico|Mia|John|Alex,"Some,Most,None,All|all,some,none,most|right,wrong",5b82e33f184f45000155f0ba,693adfd9c80150eee614b210,693ad5bf2d05418952f4d0c4,NA,"Imagine you were a <b>student</b>, describe these results of this exam so as to make it appear as if there is a <b>low</b> success rate without lying.",NA,16977,Most|some|right,12|12|9|9|9,%s of the students got %s of the answers %s
2092,right.,Some,none,39,,NA,low,Graduated High-school,269258,1765466417497,1765466148239,male,English,12,Susanne|Julia|Johann|John|Tim,Student|Principal|Teacher,5b82e33f184f45000155f0ba,693adfd9c80150eee614b210,693ad5bf2d05418952f4d0c4,Who is most likely to have said this report?,Some of the students got none of the answers right.,Student,18742,NA,12|12|9|0|0,NA
2092,wrong.,Some,most,39,,NA,low,Graduated High-school,269258,1765466417497,1765466148239,male,English,12,Mia|Julian|Julia|Theresa|Amy,Student|Principal|Teacher,5b82e33f184f45000155f0ba,693adfd9c80150eee614b210,693ad5bf2d05418952f4d0c4,Who is most likely to have said this report?,Some of the students got most of the answers wrong.,Student,6164,NA,12|12|9|3|3,NA
2092,right.,Most,none,39,,NA,info,Graduated High-school,269258,1765466417497,1765466148239,male,English,12,Theresa|Susanne|Lesly|Julian|Johann,Student|Principal|Teacher,5b82e33f184f45000155f0ba,693adfd9c80150eee614b210,693ad5bf2d05418952f4d0c4,Who is most likely to have said this report?,Most of the students got none of the answers right.,Principal,5225,NA,12|12|0|0|0,NA
2092,right.,None,all,39,,NA,high,Graduated High-school,269258,1765466417497,1765466148239,male,English,12,Tim|Susanne|Daniel|Julia|Johann,Student|Principal|Teacher,5b82e33f184f45000155f0ba,693adfd9c80150eee614b210,693ad5bf2d05418952f4d0c4,Who is most likely to have said this report?,None of the students got all of the answers right.,Principal,13647,NA,0|0|0|0|0,NA
2092,right.,All,some,39,,NA,low,Graduated High-school,269258,1765466417497,1765466148239,male,English,12,Tina|Theresa|Johann|Mia|Nico,Student|Principal|Teacher,5b82e33f184f45000155f0ba,693adfd9c80150eee614b210,693ad5bf2d05418952f4d0c4,Who is most likely to have said this report?,All of the students got some of the answers right.,Student,10545,NA,12|12|12|12|12,NA
2092,wrong.,Most,some,39,,NA,info,Graduated High-school,269258,1765466417497,1765466148239,male,English,12,Lesly|Nico|Marie|Mia|Julia,Student|Principal|Teacher,5b82e33f184f45000155f0ba,693adfd9c80150eee614b210,693ad5bf2d05418952f4d0c4,Who is most likely to have said this report?,Most of the students got some of the answers wrong.,Student,5275,NA,12|9|9|9|9,NA
2092,right.,Most,some,39,,NA,low,Graduated High-school,269258,1765466417497,1765466148239,male,English,12,Lesly|Tina|Lisanne|Julian|Lisa,Student|Principal|Teacher,5b82e33f184f45000155f0ba,693adfd9c80150eee614b210,693ad5bf2d05418952f4d0c4,Who is most likely to have said this report?,Most of the students got some of the answers right.,Student,6229,NA,12|12|12|12|12,NA
2092,wrong.,Some,most,39,,NA,high,Graduated High-school,269258,1765466417497,1765466148239,male,English,12,Pablo|Daniel|Tim|Thomas|Lisa,Student|Principal|Teacher,5b82e33f184f45000155f0ba,693adfd9c80150eee614b210,693ad5bf2d05418952f4d0c4,Who is most likely to have said this report?,Some of the students got most of the answers wrong.,Teacher,7980,NA,0|0|0|0|0,NA
2092,wrong.,All,all,39,,NA,info,Graduated High-school,269258,1765466417497,1765466148239,male,English,12,Susanne|Jan|Nico|Theresa|Daniel,Student|Principal|Teacher,5b82e33f184f45000155f0ba,693adfd9c80150eee614b210,693ad5bf2d05418952f4d0c4,Who is most likely to have said this report?,All of the students got all of the answers wrong.,Principal,3324,NA,0|0|0|0|0,NA
2092,wrong.,Some,all,39,,NA,info,Graduated High-school,269258,1765466417497,1765466148239,male,English,12,Mia|Johann|Susanne|Lisa|Daniel,Student|Principal|Teacher,5b82e33f184f45000155f0ba,693adfd9c80150eee614b210,693ad5bf2d05418952f4d0c4,Who is most likely to have said this report?,Some of the students got all of the answers wrong.,Principal,7347,NA,12|12|12|0|0,NA
2092,wrong.,Some,some,39,,NA,high,Graduated High-school,269258,1765466417497,1765466148239,male,English,12,Lisa|Julia|Mia|Jan|Johann,Student|Principal|Teacher,5b82e33f184f45000155f0ba,693adfd9c80150eee614b210,693ad5bf2d05418952f4d0c4,Who is most likely to have said this report?,Some of the students got some of the answers wrong.,Teacher,6249,NA,0|0|0|0|0,NA
2092,wrong.,Most,some,39,,NA,high,Graduated High-school,269258,1765466417497,1765466148239,male,English,12,Chris|Marie|Theresa|Daniel|Susanne,Student|Principal|Teacher,5b82e33f184f45000155f0ba,693adfd9c80150eee614b210,693ad5bf2d05418952f4d0c4,Who is most likely to have said this report?,Most of the students got some of the answers wrong.,Teacher,7479,NA,0|0|0|0|0,NA
2092,wrong.,Some,none,39,,NA,high,Graduated High-school,269258,1765466417497,1765466148239,male,English,12,Julia|Tina|Amy|Daniel|Jan,Student|Principal|Teacher,5b82e33f184f45000155f0ba,693adfd9c80150eee614b210,693ad5bf2d05418952f4d0c4,Who is most likely to have said this report?,Some of the students got none of the answers wrong.,Teacher,7167,NA,12|12|0|0|0,NA
2092,right.,Some,none,39,,NA,low,Graduated High-school,269258,1765466417497,1765466148239,male,English,12,Marie|Julia|Thomas|Tina|Tim,Student|Principal|Teacher,5b82e33f184f45000155f0ba,693adfd9c80150eee614b210,693ad5bf2d05418952f4d0c4,Who is most likely to have said this report?,Some of the students got none of the answers right.,Principal,5979,NA,12|12|12|0|0,NA
2092,right.,Most,all,39,,NA,info,Graduated High-school,269258,1765466417497,1765466148239,male,English,12,Thomas|Rebecca|Jan|Chris|Tim,Student|Principal|Teacher,5b82e33f184f45000155f0ba,693adfd9c80150eee614b210,693ad5bf2d05418952f4d0c4,Who is most likely to have said this report?,Most of the students got all of the answers right.,Teacher,4589,NA,12|12|12|0|0,NA
2093,NA,NA,NA,55,,Some of the students got some of the answers wrong,sample.high,Graduated High-school,156102,1765466963424,1765466807322,male,English,12,Marie|Nico|Mia|John|Alex,"Most,None,Some,All|none,some,all,most|wrong,right",60314f566c0b9306e3956ebc,693ae2b178660d736d4dd692,693ad5bf2d05418952f4d0c4,NA,"Imagine you were a <b>teacher</b>, describe these results of this exam so as to make it appear as if there is a <b>high</b> success rate without lying.",NA,35391,Some|some|wrong,12|3|0|0|0,%s of the students got %s of the answers %s
2093,NA,NA,NA,55,,Some of the students got most of the answers right,sample.info,Graduated High-school,156102,1765466963424,1765466807322,male,English,12,Julian|Chris|Marie|Lisanne|John,"Most,None,Some,All|none,some,all,most|wrong,right",60314f566c0b9306e3956ebc,693ae2b178660d736d4dd692,693ad5bf2d05418952f4d0c4,NA,"Imagine you were a <b>principal</b>, describe these results of this exam as <b>accurately</b> as possible without making it sound particularly easy or difficult.",NA,18431,Some|most|right,9|9|9|9|9,%s of the students got %s of the answers %s
2093,NA,NA,NA,55,,Some of the students got some of the answers wrong,sample.low,Graduated High-school,156102,1765466963424,1765466807322,male,English,12,Marie|Nico|Mia|John|Alex,"Most,None,Some,All|none,some,all,most|wrong,right",60314f566c0b9306e3956ebc,693ae2b178660d736d4dd692,693ad5bf2d05418952f4d0c4,NA,"Imagine you were a <b>student</b>, describe these results of this exam so as to make it appear as if there is a <b>low</b> success rate without lying.",NA,19408,Some|some|wrong,12|12|9|9|9,%s of the students got %s of the answers %s
2093,right.,Some,some,55,,NA,low,Graduated High-school,156102,1765466963424,1765466807322,male,English,12,Susanne|Johann|Julian|Tina|Lesly,Student|Principal|Teacher,60314f566c0b9306e3956ebc,693ae2b178660d736d4dd692,693ad5bf2d05418952f4d0c4,Who is most likely to have said this report?,Some of the students got some of the answers right.,Teacher,4110,NA,12|12|12|12|12,NA
2093,wrong.,All,some,55,,NA,high,Graduated High-school,156102,1765466963424,1765466807322,male,English,12,Alex|Johann|Lisanne|Marie|Nico,Student|Principal|Teacher,60314f566c0b9306e3956ebc,693ae2b178660d736d4dd692,693ad5bf2d05418952f4d0c4,Who is most likely to have said this report?,All of the students got some of the answers wrong.,Student,5364,NA,0|0|0|0|0,NA
2093,right.,Some,all,55,,NA,high,Graduated High-school,156102,1765466963424,1765466807322,male,English,12,Lisa|Susanne|Daniel|Lisanne|Alex,Student|Principal|Teacher,60314f566c0b9306e3956ebc,693ae2b178660d736d4dd692,693ad5bf2d05418952f4d0c4,Who is most likely to have said this report?,Some of the students got all of the answers right.,Principal,3738,NA,12|12|0|0|0,NA
2093,wrong.,None,all,55,,NA,low,Graduated High-school,156102,1765466963424,1765466807322,male,English,12,Mia|Susanne|Julia|Johann|Marie,Student|Principal|Teacher,60314f566c0b9306e3956ebc,693ae2b178660d736d4dd692,693ad5bf2d05418952f4d0c4,Who is most likely to have said this report?,None of the students got all of the answers wrong.,Teacher,4110,NA,12|12|12|12|12,NA
2093,wrong.,Some,none,55,,NA,high,Graduated High-school,156102,1765466963424,1765466807322,male,English,12,Tim|Lisa|Tina|Pablo|Susanne,Student|Principal|Teacher,60314f566c0b9306e3956ebc,693ae2b178660d736d4dd692,693ad5bf2d05418952f4d0c4,Who is most likely to have said this report?,Some of the students got none of the answers wrong.,Principal,2751,NA,12|12|3|0|0,NA
2093,right.,Some,most,55,,NA,high,Graduated High-school,156102,1765466963424,1765466807322,male,English,12,Alex|Thomas|Daniel|John|Rebecca,Student|Principal|Teacher,60314f566c0b9306e3956ebc,693ae2b178660d736d4dd692,693ad5bf2d05418952f4d0c4,Who is most likely to have said this report?,Some of the students got most of the answers right.,Student,4639,NA,9|9|3|0|0,NA
2093,wrong.,Some,most,55,,NA,low,Graduated High-school,156102,1765466963424,1765466807322,male,English,12,Tina|Lisa|Lesly|Rebecca|Mia,Student|Principal|Teacher,60314f566c0b9306e3956ebc,693ae2b178660d736d4dd692,693ad5bf2d05418952f4d0c4,Who is most likely to have said this report?,Some of the students got most of the answers wrong.,Teacher,2130,NA,12|12|12|3|3,NA
2093,right.,All,all,55,,NA,info,Graduated High-school,156102,1765466963424,1765466807322,male,English,12,Julia|Tim|Mia|Alex|Daniel,Student|Principal|Teacher,60314f566c0b9306e3956ebc,693ae2b178660d736d4dd692,693ad5bf2d05418952f4d0c4,Who is most likely to have said this report?,All of the students got all of the answers right.,Teacher,1262,NA,12|12|12|12|12,NA
2093,wrong.,Most,all,55,,NA,info,Graduated High-school,156102,1765466963424,1765466807322,male,English,12,Thomas|Mia|Alex|Theresa|Susanne,Student|Principal|Teacher,60314f566c0b9306e3956ebc,693ae2b178660d736d4dd692,693ad5bf2d05418952f4d0c4,Who is most likely to have said this report?,Most of the students got all of the answers wrong.,Principal,1598,NA,12|12|0|0|0,NA
2093,right.,Some,most,55,,NA,high,Graduated High-school,156102,1765466963424,1765466807322,male,English,12,Tim|Jan|Lisa|Alex|John,Student|Principal|Teacher,60314f566c0b9306e3956ebc,693ae2b178660d736d4dd692,693ad5bf2d05418952f4d0c4,Who is most likely to have said this report?,Some of the students got most of the answers right.,Student,1791,NA,9|9|0|0|0,NA
2093,wrong.,Some,all,55,,NA,low,Graduated High-school,156102,1765466963424,1765466807322,male,English,12,Jan|Alex|John|Chris|Tim,Student|Principal|Teacher,60314f566c0b9306e3956ebc,693ae2b178660d736d4dd692,693ad5bf2d05418952f4d0c4,Who is most likely to have said this report?,Some of the students got all of the answers wrong.,Principal,1735,NA,12|12|12|0|0,NA
2093,right.,Some,all,55,,NA,info,Graduated High-school,156102,1765466963424,1765466807322,male,English,12,Pablo|Julia|Jan|Theresa|Mia,Student|Principal|Teacher,60314f566c0b9306e3956ebc,693ae2b178660d736d4dd692,693ad5bf2d05418952f4d0c4,Who is most likely to have said this report?,Some of the students got all of the answers right.,Student,6686,NA,12|12|0|0|0,NA
2093,right.,Most,some,55,,NA,info,Graduated High-school,156102,1765466963424,1765466807322,male,English,12,Theresa|Daniel|Amy|Julian|Lisanne,Student|Principal|Teacher,60314f566c0b9306e3956ebc,693ae2b178660d736d4dd692,693ad5bf2d05418952f4d0c4,Who is most likely to have said this report?,Most of the students got some of the answers right.,Student,2448,NA,3|3|3|3|0,NA
2093,wrong.,Most,none,55,,NA,info,Graduated High-school,156102,1765466963424,1765466807322,male,English,12,Susanne|Nico|Johann|Rebecca|Tim,Student|Principal|Teacher,60314f566c0b9306e3956ebc,693ae2b178660d736d4dd692,693ad5bf2d05418952f4d0c4,Who is most likely to have said this report?,Most of the students got none of the answers wrong.,Principal,2777,NA,12|12|12|0|0,NA
2093,right.,Some,most,55,,NA,low,Graduated High-school,156102,1765466963424,1765466807322,male,English,12,Lisa|Mia|Thomas|Tim|Rebecca,Student|Principal|Teacher,60314f566c0b9306e3956ebc,693ae2b178660d736d4dd692,693ad5bf2d05418952f4d0c4,Who is most likely to have said this report?,Some of the students got most of the answers right.,Teacher,1411,NA,12|12|12|12|12,NA
2094,NA,NA,NA,27,,Some of the students got most of the answers wrong,sample.high,Graduated College,878388,1765467879907,1765467001519,female,English,12,Marie|Nico|Mia|John|Alex,"None,Some,Most,All|none,some,all,most|right,wrong",6654f9bc6c5c3373221cb283,693ae2e75b95ba07ff9c14b4,693ad5bf2d05418952f4d0c4,NA,"Imagine you were a <b>teacher</b>, describe these results of this exam so as to make it appear as if there is a <b>high</b> success rate without lying.",NA,30883,Some|most|wrong,12|3|0|0|0,%s of the students got %s of the answers %s
2094,NA,NA,NA,27,,Most of the students got most of the answers right,sample.info,Graduated College,878388,1765467879907,1765467001519,female,English,12,Julian|Chris|Marie|Lisanne|John,"None,Some,Most,All|none,some,all,most|right,wrong",6654f9bc6c5c3373221cb283,693ae2e75b95ba07ff9c14b4,693ad5bf2d05418952f4d0c4,NA,"Imagine you were a <b>principal</b>, describe these results of this exam as <b>accurately</b> as possible without making it sound particularly easy or difficult.",NA,11833,Most|most|right,9|9|9|9|9,%s of the students got %s of the answers %s
2094,NA,NA,NA,27,,Some of the students got all of the answers right,sample.low,Graduated College,878388,1765467879907,1765467001519,female,English,12,Marie|Nico|Mia|John|Alex,"None,Some,Most,All|none,some,all,most|right,wrong",6654f9bc6c5c3373221cb283,693ae2e75b95ba07ff9c14b4,693ad5bf2d05418952f4d0c4,NA,"Imagine you were a <b>student</b>, describe these results of this exam so as to make it appear as if there is a <b>low</b> success rate without lying.",NA,12067,Some|all|right,12|12|9|9|9,%s of the students got %s of the answers %s
2094,wrong.,Most,none,27,,NA,info,Graduated College,878388,1765467879907,1765467001519,female,English,12,Pablo|Amy|Mia|Lisa|Susanne,Student|Principal|Teacher,6654f9bc6c5c3373221cb283,693ae2e75b95ba07ff9c14b4,693ad5bf2d05418952f4d0c4,Who is most likely to have said this report?,Most of the students got none of the answers wrong.,Teacher,20878,NA,12|12|12|0|0,NA
2094,right.,Some,all,27,,NA,high,Graduated College,878388,1765467879907,1765467001519,female,English,12,Lesly|Chris|Daniel|Amy|John,Student|Principal|Teacher,6654f9bc6c5c3373221cb283,693ae2e75b95ba07ff9c14b4,693ad5bf2d05418952f4d0c4,Who is most likely to have said this report?,Some of the students got all of the answers right.,Principal,13697,NA,12|12|0|0|0,NA
2094,right.,Some,some,27,,NA,low,Graduated College,878388,1765467879907,1765467001519,female,English,12,Theresa|Tina|Lisanne|Chris|Johann,Student|Principal|Teacher,6654f9bc6c5c3373221cb283,693ae2e75b95ba07ff9c14b4,693ad5bf2d05418952f4d0c4,Who is most likely to have said this report?,Some of the students got some of the answers right.,Student,6997,NA,12|12|12|12|12,NA
2094,wrong.,None,all,27,,NA,low,Graduated College,878388,1765467879907,1765467001519,female,English,12,Theresa|John|Johann|Lisa|Pablo,Student|Principal|Teacher,6654f9bc6c5c3373221cb283,693ae2e75b95ba07ff9c14b4,693ad5bf2d05418952f4d0c4,Who is most likely to have said this report?,None of the students got all of the answers wrong.,Principal,12580,NA,12|12|12|12|12,NA
2094,wrong.,Most,all,27,,NA,info,Graduated College,878388,1765467879907,1765467001519,female,English,12,Rebecca|Nico|Daniel|Johann|Alex,Student|Principal|Teacher,6654f9bc6c5c3373221cb283,693ae2e75b95ba07ff9c14b4,693ad5bf2d05418952f4d0c4,Who is most likely to have said this report?,Most of the students got all of the answers wrong.,Student,7431,NA,12|12|0|0|0,NA
2094,right.,Some,all,27,,NA,info,Graduated College,878388,1765467879907,1765467001519,female,English,12,Theresa|Nico|Chris|Susanne|Amy,Student|Principal|Teacher,6654f9bc6c5c3373221cb283,693ae2e75b95ba07ff9c14b4,693ad5bf2d05418952f4d0c4,Who is most likely to have said this report?,Some of the students got all of the answers right.,Teacher,8163,NA,12|12|0|0|0,NA
2094,right.,Some,most,27,,NA,high,Graduated College,878388,1765467879907,1765467001519,female,English,12,Johann|Lisanne|Lesly|Julian|John,Student|Principal|Teacher,6654f9bc6c5c3373221cb283,693ae2e75b95ba07ff9c14b4,693ad5bf2d05418952f4d0c4,Who is most likely to have said this report?,Some of the students got most of the answers right.,Teacher,8280,NA,9|9|3|0|0,NA
2094,right.,Some,most,27,,NA,low,Graduated College,878388,1765467879907,1765467001519,female,English,12,Amy|Lesly|Lisanne|Alex|Daniel,Student|Principal|Teacher,6654f9bc6c5c3373221cb283,693ae2e75b95ba07ff9c14b4,693ad5bf2d05418952f4d0c4,Who is most likely to have said this report?,Some of the students got most of the answers right.,Student,5646,NA,12|12|12|12|12,NA
2094,wrong.,All,some,27,,NA,high,Graduated College,878388,1765467879907,1765467001519,female,English,12,Pablo|Lesly|Tim|Nico|Mia,Student|Principal|Teacher,6654f9bc6c5c3373221cb283,693ae2e75b95ba07ff9c14b4,693ad5bf2d05418952f4d0c4,Who is most likely to have said this report?,All of the students got some of the answers wrong.,Teacher,7964,NA,0|0|0|0|0,NA
2094,wrong.,Some,none,27,,NA,high,Graduated College,878388,1765467879907,1765467001519,female,English,12,Nico|Chris|Pablo|Jan|Tina,Student|Principal|Teacher,6654f9bc6c5c3373221cb283,693ae2e75b95ba07ff9c14b4,693ad5bf2d05418952f4d0c4,Who is most likely to have said this report?,Some of the students got none of the answers wrong.,Teacher,11415,NA,12|12|3|0|0,NA
2094,wrong.,Some,all,27,,NA,low,Graduated College,878388,1765467879907,1765467001519,female,English,12,Thomas|Daniel|Susanne|Lisa|Pablo,Student|Principal|Teacher,6654f9bc6c5c3373221cb283,693ae2e75b95ba07ff9c14b4,693ad5bf2d05418952f4d0c4,Who is most likely to have said this report?,Some of the students got all of the answers wrong.,Principal,3580,NA,12|12|12|0|0,NA
2094,right.,Some,most,27,,NA,high,Graduated College,878388,1765467879907,1765467001519,female,English,12,Marie|Julian|Nico|Lisanne|Pablo,Student|Principal|Teacher,6654f9bc6c5c3373221cb283,693ae2e75b95ba07ff9c14b4,693ad5bf2d05418952f4d0c4,Who is most likely to have said this report?,Some of the students got most of the answers right.,Teacher,4497,NA,9|9|0|0|0,NA
2094,wrong.,Some,most,27,,NA,low,Graduated College,878388,1765467879907,1765467001519,female,English,12,Tim|Lisa|Jan|Alex|Rebecca,Student|Principal|Teacher,6654f9bc6c5c3373221cb283,693ae2e75b95ba07ff9c14b4,693ad5bf2d05418952f4d0c4,Who is most likely to have said this report?,Some of the students got most of the answers wrong.,Student,3881,NA,12|12|12|3|3,NA
2094,right.,Most,some,27,,NA,info,Graduated College,878388,1765467879907,1765467001519,female,English,12,John|Jan|Daniel|Rebecca|Chris,Student|Principal|Teacher,6654f9bc6c5c3373221cb283,693ae2e75b95ba07ff9c14b4,693ad5bf2d05418952f4d0c4,Who is most likely to have said this report?,Most of the students got some of the answers right.,Teacher,10865,NA,3|3|3|3|0,NA
2094,right.,All,all,27,,NA,info,Graduated College,878388,1765467879907,1765467001519,female,English,12,Pablo|Alex|Julian|Rebecca|Chris,Student|Principal|Teacher,6654f9bc6c5c3373221cb283,693ae2e75b95ba07ff9c14b4,693ad5bf2d05418952f4d0c4,Who is most likely to have said this report?,All of the students got all of the answers right.,Principal,9062,NA,12|12|12|12|12,NA
2095,NA,NA,NA,61,,Some of the students got all of the answers right,sample.high,Graduated College,371750,1765468587947,1765468216197,male,English,12,Marie|Nico|Mia|John|Alex,"None,Most,Some,All|all,some,none,most|wrong,right",5849916abb147f0001786ac5,693ae82292105e87dc90cd71,693ad5bf2d05418952f4d0c4,NA,"Imagine you were a <b>teacher</b>, describe these results of this exam so as to make it appear as if there is a <b>high</b> success rate without lying.",NA,42285,Some|all|right,12|3|0|0|0,%s of the students got %s of the answers %s
2095,NA,NA,NA,61,,Some of the students got some of the answers right,sample.info,Graduated College,371750,1765468587947,1765468216197,male,English,12,Julian|Chris|Marie|Lisanne|John,"None,Most,Some,All|all,some,none,most|wrong,right",5849916abb147f0001786ac5,693ae82292105e87dc90cd71,693ad5bf2d05418952f4d0c4,NA,"Imagine you were a <b>principal</b>, describe these results of this exam as <b>accurately</b> as possible without making it sound particularly easy or difficult.",NA,27084,Some|some|right,9|9|9|9|9,%s of the students got %s of the answers %s
2095,NA,NA,NA,61,,Most of the students got some of the answers wrong,sample.low,Graduated College,371750,1765468587947,1765468216197,male,English,12,Marie|Nico|Mia|John|Alex,"None,Most,Some,All|all,some,none,most|wrong,right",5849916abb147f0001786ac5,693ae82292105e87dc90cd71,693ad5bf2d05418952f4d0c4,NA,"Imagine you were a <b>student</b>, describe these results of this exam so as to make it appear as if there is a <b>low</b> success rate without lying.",NA,47831,Most|some|wrong,12|12|9|9|9,%s of the students got %s of the answers %s
2095,right.,Some,most,61,,NA,high,Graduated College,371750,1765468587947,1765468216197,male,English,12,Pablo|Alex|Johann|Nico|Tina,Student|Principal|Teacher,5849916abb147f0001786ac5,693ae82292105e87dc90cd71,693ad5bf2d05418952f4d0c4,Who is most likely to have said this report?,Some of the students got most of the answers right.,Teacher,15994,NA,9|9|3|0|0,NA
2095,right.,All,all,61,,NA,info,Graduated College,371750,1765468587947,1765468216197,male,English,12,Amy|Rebecca|Lesly|Marie|Lisa,Student|Principal|Teacher,5849916abb147f0001786ac5,693ae82292105e87dc90cd71,693ad5bf2d05418952f4d0c4,Who is most likely to have said this report?,All of the students got all of the answers right.,Principal,12443,NA,12|12|12|12|12,NA
2095,right.,Some,all,61,,NA,info,Graduated College,371750,1765468587947,1765468216197,male,English,12,Johann|Theresa|Tim|Tina|Thomas,Student|Principal|Teacher,5849916abb147f0001786ac5,693ae82292105e87dc90cd71,693ad5bf2d05418952f4d0c4,Who is most likely to have said this report?,Some of the students got all of the answers right.,Teacher,10340,NA,12|12|0|0|0,NA
2095,wrong.,All,some,61,,NA,high,Graduated College,371750,1765468587947,1765468216197,male,English,12,Marie|Rebecca|Lisa|Jan|Lisanne,Student|Principal|Teacher,5849916abb147f0001786ac5,693ae82292105e87dc90cd71,693ad5bf2d05418952f4d0c4,Who is most likely to have said this report?,All of the students got some of the answers wrong.,Student,10207,NA,0|0|0|0|0,NA
2095,right.,Some,all,61,,NA,high,Graduated College,371750,1765468587947,1765468216197,male,English,12,Alex|Marie|Rebecca|Julian|Nico,Student|Principal|Teacher,5849916abb147f0001786ac5,693ae82292105e87dc90cd71,693ad5bf2d05418952f4d0c4,Who is most likely to have said this report?,Some of the students got all of the answers right.,Teacher,25459,NA,12|12|0|0|0,NA
2095,wrong.,Some,none,61,,NA,high,Graduated College,371750,1765468587947,1765468216197,male,English,12,Chris|Theresa|Lisanne|Susanne|Lesly,Student|Principal|Teacher,5849916abb147f0001786ac5,693ae82292105e87dc90cd71,693ad5bf2d05418952f4d0c4,Who is most likely to have said this report?,Some of the students got none of the answers wrong.,Teacher,7352,NA,12|12|3|0|0,NA
2095,right.,Most,some,61,,NA,info,Graduated College,371750,1765468587947,1765468216197,male,English,12,Lesly|Nico|Theresa|Jan|Amy,Student|Principal|Teacher,5849916abb147f0001786ac5,693ae82292105e87dc90cd71,693ad5bf2d05418952f4d0c4,Who is most likely to have said this report?,Most of the students got some of the answers right.,Principal,9198,NA,3|3|3|3|0,NA
2095,wrong.,None,all,61,,NA,low,Graduated College,371750,1765468587947,1765468216197,male,English,12,John|Lisa|Pablo|Rebecca|Tim,Student|Principal|Teacher,5849916abb147f0001786ac5,693ae82292105e87dc90cd71,693ad5bf2d05418952f4d0c4,Who is most likely to have said this report?,None of the students got all of the answers wrong.,Principal,8466,NA,12|12|12|12|12,NA
2095,wrong.,Most,all,61,,NA,info,Graduated College,371750,1765468587947,1765468216197,male,English,12,Johann|Julia|Susanne|Amy|Mia,Student|Principal|Teacher,5849916abb147f0001786ac5,693ae82292105e87dc90cd71,693ad5bf2d05418952f4d0c4,Who is most likely to have said this report?,Most of the students got all of the answers wrong.,Teacher,14331,NA,12|12|0|0|0,NA
2095,wrong.,Most,none,61,,NA,info,Graduated College,371750,1765468587947,1765468216197,male,English,12,Chris|Susanne|Johann|Lisanne|Julia,Student|Principal|Teacher,5849916abb147f0001786ac5,693ae82292105e87dc90cd71,693ad5bf2d05418952f4d0c4,Who is most likely to have said this report?,Most of the students got none of the answers wrong.,Teacher,6854,NA,12|12|12|0|0,NA
2095,right.,Some,most,61,,NA,high,Graduated College,371750,1765468587947,1765468216197,male,English,12,Pablo|Chris|Thomas|Lisanne|Susanne,Student|Principal|Teacher,5849916abb147f0001786ac5,693ae82292105e87dc90cd71,693ad5bf2d05418952f4d0c4,Who is most likely to have said this report?,Some of the students got most of the answers right.,Principal,9160,NA,9|9|0|0|0,NA
2095,right.,Some,most,61,,NA,low,Graduated College,371750,1765468587947,1765468216197,male,English,12,Thomas|Marie|John|Nico|Susanne,Student|Principal|Teacher,5849916abb147f0001786ac5,693ae82292105e87dc90cd71,693ad5bf2d05418952f4d0c4,Who is most likely to have said this report?,Some of the students got most of the answers right.,Principal,4074,NA,12|12|12|12|12,NA
2095,wrong.,Some,most,61,,NA,low,Graduated College,371750,1765468587947,1765468216197,male,English,12,Chris|Lesly|Theresa|Alex|Daniel,Student|Principal|Teacher,5849916abb147f0001786ac5,693ae82292105e87dc90cd71,693ad5bf2d05418952f4d0c4,Who is most likely to have said this report?,Some of the students got most of the answers wrong.,Student,7875,NA,12|12|12|3|3,NA
2095,right.,Some,some,61,,NA,low,Graduated College,371750,1765468587947,1765468216197,male,English,12,Chris|Marie|Johann|Susanne|Theresa,Student|Principal|Teacher,5849916abb147f0001786ac5,693ae82292105e87dc90cd71,693ad5bf2d05418952f4d0c4,Who is most likely to have said this report?,Some of the students got some of the answers right.,Principal,8783,NA,12|12|12|12|12,NA
2095,wrong.,Some,all,61,,NA,low,Graduated College,371750,1765468587947,1765468216197,male,English,12,Lisanne|Tina|Rebecca|Lisa|Tim,Student|Principal|Teacher,5849916abb147f0001786ac5,693ae82292105e87dc90cd71,693ad5bf2d05418952f4d0c4,Who is most likely to have said this report?,Some of the students got all of the answers wrong.,Student,8523,NA,12|12|12|0|0,NA
2096,NA,NA,NA,67,That was harder than I had expected - I hope I did ok for you.,Some of the students got all of the answers right,sample.high,Graduated College,314285,1765468681993,1765468367708,male,English,12,Marie|Nico|Mia|John|Alex,"Most,Some,All,None|all,none,some,most|right,wrong",5d4310bbd8e961001b825ca4,693ae8c8e28084399373aaa4,693ad5bf2d05418952f4d0c4,NA,"Imagine you were a <b>teacher</b>, describe these results of this exam so as to make it appear as if there is a <b>high</b> success rate without lying.",NA,33009,Some|all|right,12|3|0|0|0,%s of the students got %s of the answers %s
2096,NA,NA,NA,67,That was harder than I had expected - I hope I did ok for you.,Most of the students got most of the answers right,sample.info,Graduated College,314285,1765468681993,1765468367708,male,English,12,Julian|Chris|Marie|Lisanne|John,"Most,Some,All,None|all,none,some,most|right,wrong",5d4310bbd8e961001b825ca4,693ae8c8e28084399373aaa4,693ad5bf2d05418952f4d0c4,NA,"Imagine you were a <b>principal</b>, describe these results of this exam as <b>accurately</b> as possible without making it sound particularly easy or difficult.",NA,15824,Most|most|right,9|9|9|9|9,%s of the students got %s of the answers %s
2096,NA,NA,NA,67,That was harder than I had expected - I hope I did ok for you.,Some of the students got some of the answers wrong,sample.low,Graduated College,314285,1765468681993,1765468367708,male,English,12,Marie|Nico|Mia|John|Alex,"Most,Some,All,None|all,none,some,most|right,wrong",5d4310bbd8e961001b825ca4,693ae8c8e28084399373aaa4,693ad5bf2d05418952f4d0c4,NA,"Imagine you were a <b>student</b>, describe these results of this exam so as to make it appear as if there is a <b>low</b> success rate without lying.",NA,28651,Some|some|wrong,12|12|9|9|9,%s of the students got %s of the answers %s
2096,wrong.,None,all,67,That was harder than I had expected - I hope I did ok for you.,NA,low,Graduated College,314285,1765468681993,1765468367708,male,English,12,Julia|Alex|Jan|Thomas|Lisa,Student|Principal|Teacher,5d4310bbd8e961001b825ca4,693ae8c8e28084399373aaa4,693ad5bf2d05418952f4d0c4,Who is most likely to have said this report?,None of the students got all of the answers wrong.,Student,20974,NA,12|12|12|12|12,NA
2096,right.,Most,some,67,That was harder than I had expected - I hope I did ok for you.,NA,info,Graduated College,314285,1765468681993,1765468367708,male,English,12,Thomas|Alex|Lisa|Tim|Theresa,Student|Principal|Teacher,5d4310bbd8e961001b825ca4,693ae8c8e28084399373aaa4,693ad5bf2d05418952f4d0c4,Who is most likely to have said this report?,Most of the students got some of the answers right.,Teacher,8226,NA,3|3|3|3|0,NA
2096,right.,Some,some,67,That was harder than I had expected - I hope I did ok for you.,NA,low,Graduated College,314285,1765468681993,1765468367708,male,English,12,Theresa|Mia|Julian|Pablo|Johann,Student|Principal|Teacher,5d4310bbd8e961001b825ca4,693ae8c8e28084399373aaa4,693ad5bf2d05418952f4d0c4,Who is most likely to have said this report?,Some of the students got some of the answers right.,Student,7341,NA,12|12|12|12|12,NA
2096,wrong.,Most,all,67,That was harder than I had expected - I hope I did ok for you.,NA,info,Graduated College,314285,1765468681993,1765468367708,male,English,12,John|Nico|Alex|Mia|Tim,Student|Principal|Teacher,5d4310bbd8e961001b825ca4,693ae8c8e28084399373aaa4,693ad5bf2d05418952f4d0c4,Who is most likely to have said this report?,Most of the students got all of the answers wrong.,Student,5153,NA,12|12|0|0|0,NA
2096,wrong.,Some,most,67,That was harder than I had expected - I hope I did ok for you.,NA,low,Graduated College,314285,1765468681993,1765468367708,male,English,12,Rebecca|John|Pablo|Tina|Johann,Student|Principal|Teacher,5d4310bbd8e961001b825ca4,693ae8c8e28084399373aaa4,693ad5bf2d05418952f4d0c4,Who is most likely to have said this report?,Some of the students got most of the answers wrong.,Student,9512,NA,12|12|12|3|3,NA
2096,right.,Some,most,67,That was harder than I had expected - I hope I did ok for you.,NA,high,Graduated College,314285,1765468681993,1765468367708,male,English,12,Tim|Tina|Nico|Amy|Julia,Student|Principal|Teacher,5d4310bbd8e961001b825ca4,693ae8c8e28084399373aaa4,693ad5bf2d05418952f4d0c4,Who is most likely to have said this report?,Some of the students got most of the answers right.,Teacher,5985,NA,9|9|0|0|0,NA
2096,wrong.,Some,all,67,That was harder than I had expected - I hope I did ok for you.,NA,low,Graduated College,314285,1765468681993,1765468367708,male,English,12,Lisa|Pablo|Rebecca|Chris|Lisanne,Student|Principal|Teacher,5d4310bbd8e961001b825ca4,693ae8c8e28084399373aaa4,693ad5bf2d05418952f4d0c4,Who is most likely to have said this report?,Some of the students got all of the answers wrong.,Principal,8106,NA,12|12|12|0|0,NA
2096,wrong.,Some,none,67,That was harder than I had expected - I hope I did ok for you.,NA,high,Graduated College,314285,1765468681993,1765468367708,male,English,12,Tim|Theresa|Pablo|Rebecca|Tina,Student|Principal|Teacher,5d4310bbd8e961001b825ca4,693ae8c8e28084399373aaa4,693ad5bf2d05418952f4d0c4,Who is most likely to have said this report?,Some of the students got none of the answers wrong.,Teacher,5266,NA,12|12|3|0|0,NA
2096,right.,Some,most,67,That was harder than I had expected - I hope I did ok for you.,NA,low,Graduated College,314285,1765468681993,1765468367708,male,English,12,Daniel|Chris|Amy|Mia|Lisa,Student|Principal|Teacher,5d4310bbd8e961001b825ca4,693ae8c8e28084399373aaa4,693ad5bf2d05418952f4d0c4,Who is most likely to have said this report?,Some of the students got most of the answers right.,Principal,15224,NA,12|12|12|12|12,NA
2096,right.,Some,most,67,That was harder than I had expected - I hope I did ok for you.,NA,high,Graduated College,314285,1765468681993,1765468367708,male,English,12,Pablo|Jan|Mia|Amy|Marie,Student|Principal|Teacher,5d4310bbd8e961001b825ca4,693ae8c8e28084399373aaa4,693ad5bf2d05418952f4d0c4,Who is most likely to have said this report?,Some of the students got most of the answers right.,Teacher,5583,NA,9|9|3|0|0,NA
2096,right.,All,all,67,That was harder than I had expected - I hope I did ok for you.,NA,info,Graduated College,314285,1765468681993,1765468367708,male,English,12,Theresa|Jan|Mia|Thomas|Lisanne,Student|Principal|Teacher,5d4310bbd8e961001b825ca4,693ae8c8e28084399373aaa4,693ad5bf2d05418952f4d0c4,Who is most likely to have said this report?,All of the students got all of the answers right.,Teacher,3002,NA,12|12|12|12|12,NA
2096,right.,Some,all,67,That was harder than I had expected - I hope I did ok for you.,NA,info,Graduated College,314285,1765468681993,1765468367708,male,English,12,Chris|Tim|Johann|Jan|Lisanne,Student|Principal|Teacher,5d4310bbd8e961001b825ca4,693ae8c8e28084399373aaa4,693ad5bf2d05418952f4d0c4,Who is most likely to have said this report?,Some of the students got all of the answers right.,Teacher,5488,NA,12|12|0|0|0,NA
2096,wrong.,All,some,67,That was harder than I had expected - I hope I did ok for you.,NA,high,Graduated College,314285,1765468681993,1765468367708,male,English,12,Theresa|Julian|Alex|Nico|Julia,Student|Principal|Teacher,5d4310bbd8e961001b825ca4,693ae8c8e28084399373aaa4,693ad5bf2d05418952f4d0c4,Who is most likely to have said this report?,All of the students got some of the answers wrong.,Principal,4715,NA,0|0|0|0|0,NA
2096,wrong.,Most,none,67,That was harder than I had expected - I hope I did ok for you.,NA,info,Graduated College,314285,1765468681993,1765468367708,male,English,12,Lisanne|Julian|Theresa|Thomas|Pablo,Student|Principal|Teacher,5d4310bbd8e961001b825ca4,693ae8c8e28084399373aaa4,693ad5bf2d05418952f4d0c4,Who is most likely to have said this report?,Most of the students got none of the answers wrong.,Principal,4515,NA,12|12|12|0|0,NA
2096,right.,Some,all,67,That was harder than I had expected - I hope I did ok for you.,NA,high,Graduated College,314285,1765468681993,1765468367708,male,English,12,Theresa|Julian|Mia|Pablo|Amy,Student|Principal|Teacher,5d4310bbd8e961001b825ca4,693ae8c8e28084399373aaa4,693ad5bf2d05418952f4d0c4,Who is most likely to have said this report?,Some of the students got all of the answers right.,Teacher,6306,NA,12|12|0|0|0,NA
2097,NA,NA,NA,55,,Some of the students got all of the answers right,sample.high,Higher degree,288859,1765469034045,1765468745186,male,English,12,Marie|Nico|Mia|John|Alex,"None,Most,All,Some|most,none,all,some|wrong,right",6666008fd09c8744714ca817,693aea3de4fec1f727e79a98,693ad5bf2d05418952f4d0c4,NA,"Imagine you were a <b>teacher</b>, describe these results of this exam so as to make it appear as if there is a <b>high</b> success rate without lying.",NA,21050,Some|all|right,12|3|0|0|0,%s of the students got %s of the answers %s
2097,NA,NA,NA,55,,All of the students got most of the answers right,sample.info,Higher degree,288859,1765469034045,1765468745186,male,English,12,Julian|Chris|Marie|Lisanne|John,"None,Most,All,Some|most,none,all,some|wrong,right",6666008fd09c8744714ca817,693aea3de4fec1f727e79a98,693ad5bf2d05418952f4d0c4,NA,"Imagine you were a <b>principal</b>, describe these results of this exam as <b>accurately</b> as possible without making it sound particularly easy or difficult.",NA,9066,All|most|right,9|9|9|9|9,%s of the students got %s of the answers %s
2097,NA,NA,NA,55,,Most of the students got some of the answers wrong,sample.low,Higher degree,288859,1765469034045,1765468745186,male,English,12,Marie|Nico|Mia|John|Alex,"None,Most,All,Some|most,none,all,some|wrong,right",6666008fd09c8744714ca817,693aea3de4fec1f727e79a98,693ad5bf2d05418952f4d0c4,NA,"Imagine you were a <b>student</b>, describe these results of this exam so as to make it appear as if there is a <b>low</b> success rate without lying.",NA,36049,Most|some|wrong,12|12|9|9|9,%s of the students got %s of the answers %s
2097,wrong.,All,some,55,,NA,high,Higher degree,288859,1765469034045,1765468745186,male,English,12,Lisa|Nico|Daniel|Amy|Johann,Student|Principal|Teacher,6666008fd09c8744714ca817,693aea3de4fec1f727e79a98,693ad5bf2d05418952f4d0c4,Who is most likely to have said this report?,All of the students got some of the answers wrong.,Teacher,13378,NA,0|0|0|0|0,NA
2097,wrong.,Some,none,55,,NA,high,Higher degree,288859,1765469034045,1765468745186,male,English,12,Alex|Tina|Pablo|Julian|Chris,Student|Principal|Teacher,6666008fd09c8744714ca817,693aea3de4fec1f727e79a98,693ad5bf2d05418952f4d0c4,Who is most likely to have said this report?,Some of the students got none of the answers wrong.,Teacher,6744,NA,12|12|3|0|0,NA
2097,right.,Some,some,55,,NA,low,Higher degree,288859,1765469034045,1765468745186,male,English,12,Susanne|Rebecca|Thomas|Julian|Julia,Student|Principal|Teacher,6666008fd09c8744714ca817,693aea3de4fec1f727e79a98,693ad5bf2d05418952f4d0c4,Who is most likely to have said this report?,Some of the students got some of the answers right.,Student,5477,NA,12|12|12|12|12,NA
2097,wrong.,Most,none,55,,NA,info,Higher degree,288859,1765469034045,1765468745186,male,English,12,Alex|Nico|Lisa|Amy|Daniel,Student|Principal|Teacher,6666008fd09c8744714ca817,693aea3de4fec1f727e79a98,693ad5bf2d05418952f4d0c4,Who is most likely to have said this report?,Most of the students got none of the answers wrong.,Principal,6844,NA,12|12|12|0|0,NA
2097,right.,Some,most,55,,NA,low,Higher degree,288859,1765469034045,1765468745186,male,English,12,Pablo|Thomas|Marie|Daniel|Alex,Student|Principal|Teacher,6666008fd09c8744714ca817,693aea3de4fec1f727e79a98,693ad5bf2d05418952f4d0c4,Who is most likely to have said this report?,Some of the students got most of the answers right.,Student,7531,NA,12|12|12|12|12,NA
2097,right.,Some,most,55,,NA,high,Higher degree,288859,1765469034045,1765468745186,male,English,12,Marie|Thomas|Rebecca|Julia|Chris,Student|Principal|Teacher,6666008fd09c8744714ca817,693aea3de4fec1f727e79a98,693ad5bf2d05418952f4d0c4,Who is most likely to have said this report?,Some of the students got most of the answers right.,Teacher,4912,NA,9|9|3|0|0,NA
2097,right.,Some,all,55,,NA,high,Higher degree,288859,1765469034045,1765468745186,male,English,12,Pablo|Jan|Daniel|Tina|Julia,Student|Principal|Teacher,6666008fd09c8744714ca817,693aea3de4fec1f727e79a98,693ad5bf2d05418952f4d0c4,Who is most likely to have said this report?,Some of the students got all of the answers right.,Teacher,9295,NA,12|12|0|0|0,NA
2097,right.,Some,all,55,,NA,info,Higher degree,288859,1765469034045,1765468745186,male,English,12,Marie|Jan|Lisanne|Lesly|Pablo,Student|Principal|Teacher,6666008fd09c8744714ca817,693aea3de4fec1f727e79a98,693ad5bf2d05418952f4d0c4,Who is most likely to have said this report?,Some of the students got all of the answers right.,Teacher,4812,NA,12|12|0|0|0,NA
2097,right.,Most,some,55,,NA,info,Higher degree,288859,1765469034045,1765468745186,male,English,12,Marie|Amy|Susanne|Lisa|Chris,Student|Principal|Teacher,6666008fd09c8744714ca817,693aea3de4fec1f727e79a98,693ad5bf2d05418952f4d0c4,Who is most likely to have said this report?,Most of the students got some of the answers right.,Teacher,6030,NA,3|3|3|3|0,NA
2097,wrong.,Some,all,55,,NA,low,Higher degree,288859,1765469034045,1765468745186,male,English,12,Lisa|Tina|Susanne|Tim|Chris,Student|Principal|Teacher,6666008fd09c8744714ca817,693aea3de4fec1f727e79a98,693ad5bf2d05418952f4d0c4,Who is most likely to have said this report?,Some of the students got all of the answers wrong.,Student,3275,NA,12|12|12|0|0,NA
2097,wrong.,Some,most,55,,NA,low,Higher degree,288859,1765469034045,1765468745186,male,English,12,Susanne|Mia|Tina|Nico|Amy,Student|Principal|Teacher,6666008fd09c8744714ca817,693aea3de4fec1f727e79a98,693ad5bf2d05418952f4d0c4,Who is most likely to have said this report?,Some of the students got most of the answers wrong.,Student,4128,NA,12|12|12|3|3,NA
2097,right.,All,all,55,,NA,info,Higher degree,288859,1765469034045,1765468745186,male,English,12,Lesly|Pablo|Theresa|Amy|Alex,Student|Principal|Teacher,6666008fd09c8744714ca817,693aea3de4fec1f727e79a98,693ad5bf2d05418952f4d0c4,Who is most likely to have said this report?,All of the students got all of the answers right.,Principal,3017,NA,12|12|12|12|12,NA
2097,wrong.,None,all,55,,NA,low,Higher degree,288859,1765469034045,1765468745186,male,English,12,Pablo|Lisa|Mia|Julia|Tina,Student|Principal|Teacher,6666008fd09c8744714ca817,693aea3de4fec1f727e79a98,693ad5bf2d05418952f4d0c4,Who is most likely to have said this report?,None of the students got all of the answers wrong.,Student,6027,NA,12|12|12|12|12,NA
2097,right.,Some,most,55,,NA,high,Higher degree,288859,1765469034045,1765468745186,male,English,12,John|Lisanne|Daniel|Rebecca|Johann,Student|Principal|Teacher,6666008fd09c8744714ca817,693aea3de4fec1f727e79a98,693ad5bf2d05418952f4d0c4,Who is most likely to have said this report?,Some of the students got most of the answers right.,Teacher,5279,NA,9|9|0|0|0,NA
2097,wrong.,Most,all,55,,NA,info,Higher degree,288859,1765469034045,1765468745186,male,English,12,Nico|Tim|Rebecca|John|Julia,Student|Principal|Teacher,6666008fd09c8744714ca817,693aea3de4fec1f727e79a98,693ad5bf2d05418952f4d0c4,Who is most likely to have said this report?,Most of the students got all of the answers wrong.,Principal,5111,NA,12|12|0|0|0,NA
